-1.0,3.56,20.28,-14.88,15.18,2.78,000-0.png,899,850,72.009
0.0,5.93,16.64,-17.3,12.73,4.34,000-1.png,877,850,72.009
-1.0,3.47,17.21,-15.86,13.22,3.79,000-10.png,836,850,72.009
0.0,3.47,17.81,-6.05,13.45,3.98,000-11.png,836,850,72.009
0.0,3.71,17.79,-15.21,13.45,3.83,000-12.png,836,850,72.009
0.0,4.08,19.18,-9.81,13.45,4.03,000-13.png,857,850,72.009
0.0,4.32,15.76,-15.5,13.68,3.63,000-14.png,857,850,72.009
0.0,4.2,17.83,-16.49,12.94,3.71,000-15.png,858,850,72.009
0.5,3.74,18.12,-17.53,13.11,3.42,000-16.png,856,850,72.009
0.0,4.32,17.95,-9.91,13.4,3.32,000-17.png,857,850,72.009
0.0,4.67,20.24,-21.42,13.64,3.41,000-18.png,856,850,72.009
-1.0,4.9,18.07,-17.31,13.29,3.27,000-19.png,817,850,72.009
-1.0,4.42,17.04,-17.8,12.69,4.18,000-2.png,838,850,72.009
0.0,3.74,17.78,-13.33,13.45,3.58,000-20.png,856,850,72.009
0.0,4.79,17.85,-12.66,13.45,3.29,000-21.png,835,850,72.009
-1.0,4.09,17.55,-18.17,13.45,3.31,000-22.png,855,850,72.009
-1.0,5.14,17.69,-12.15,13.37,3.33,000-23.png,875,850,72.009
-1.0,5.38,19.61,-11.79,12.75,3.6,000-24.png,837,850,72.009
0.0,4.79,18.02,-16.02,13.45,3.37,000-25.png,835,850,72.009
0.0,4.9,20.58,-19.68,13.18,3.21,000-26.png,857,850,72.009
-1.0,5.02,19.65,-21.39,13.45,3.69,000-27.png,837,850,72.009
0.0,3.74,18.3,-20.33,13.9,3.42,000-28.png,856,850,72.009
0.0,2.57,19.8,-13.66,13.45,4.46,000-29.png,856,850,72.009
0.0,4.08,16.89,-15.95,13.45,4.44,000-3.png,858,850,72.009
0.0,3.65,21.12,-14.53,14.28,2.92,000-30.png,903,850,72.009
0.0,1.36,20.81,-18.79,13.45,3.08,000-31.png,882,850,72.009
0.0,4.52,20.85,-19.54,11.71,2.97,000-32.png,862,850,72.009
0.0,1.36,18.98,-12.77,12.17,2.91,000-33.png,882,850,72.009
0.2,4.14,10.76,-18.92,15.22,3.79,000-34.png,943,850,72.009
-1.0,3.65,17.59,-12.82,14.78,2.95,000-35.png,903,850,72.009
0.0,3.34,20.96,-18.8,14.5,3.05,000-36.png,899,850,72.009
0.0,1.48,21.09,-13.79,12.89,2.81,000-37.png,881,850,72.009
-1.0,3.56,20.46,-12.6,13.58,2.5,000-38.png,900,850,72.009
0.0,5.34,15.87,-11.36,13.33,2.77,000-39.png,861,850,72.009
0.0,2.8,18.54,-19.31,14.35,4.04,000-4.png,858,850,72.009
0.0,1.36,20.46,-14.62,12.55,2.74,000-40.png,882,850,72.009
0.0,5.94,20.85,-20.29,14.03,2.71,000-41.png,842,850,72.009
0.0,0.46,20.63,-21.33,12.97,3.2,000-42.png,873,850,72.009
0.0,6.26,19.05,-21.5,12.17,2.76,000-43.png,862,850,72.009
0.0,4.42,21.2,-20.95,12.7,2.81,000-44.png,860,850,72.009
0.0,2.56,20.96,-16.75,13.41,2.9,000-45.png,900,850,72.009
0.0,3.44,21.03,-22.33,13.94,2.7,000-46.png,901,850,72.009
0.0,1.48,18.62,-21.36,13.45,2.77,000-47.png,881,850,72.009
0.5,3.73,20.81,-16.41,13.6,3.17,000-48.png,859,850,72.009
0.0,1.25,21.16,-25.33,13.11,2.96,000-49.png,880,850,72.009
0.0,2.81,17.28,-16.7,13.61,4.0,000-5.png,855,850,72.009
0.0,1.48,21.09,-21.4,13.7,3.06,000-50.png,881,850,72.009
0.2,4.53,20.53,-20.97,13.45,3.5,000-51.png,861,850,72.009
0.0,0.36,20.67,-16.06,12.73,2.88,000-52.png,842,850,72.009
0.2,1.47,20.5,-23.28,13.51,2.94,000-53.png,882,850,72.009
0.0,1.36,21.08,-22.85,14.82,2.84,000-54.png,880,850,72.009
9.4,3.55,0.0,3.38,13.45,4.85,000-55.png,901,850,72.009
0.0,1.25,21.52,-16.38,13.42,2.7,000-56.png,879,850,72.009
0.0,8.29,18.54,-24.46,14.24,3.06,000-57.png,820,850,72.009
0.3,1.37,20.86,-21.84,14.33,2.97,000-58.png,879,850,72.009
0.0,4.31,15.29,-22.2,13.16,3.91,000-6.png,858,850,72.009
0.0,4.18,13.23,-14.11,13.45,4.28,000-7.png,837,850,72.009
0.0,4.06,17.99,-17.84,12.68,3.87,000-8.png,837,850,72.009
-1.0,3.85,15.13,-16.63,13.45,4.08,000-9.png,858,850,72.009
0.0,5.25,16.58,-9.99,13.39,4.54,001-0.png,877,850,72.009
0.5,10.75,17.54,-12.05,13.51,3.57,001-1.png,856,850,72.009
0.0,8.56,13.29,22.11,12.94,2.31,002-0.png,841,850,72.009
0.2,6.57,13.01,19.58,13.45,6.24,003-0.png,837,850,72.009
0.4,5.74,17.13,13.77,13.45,6.68,003-1.png,853,850,72.009
0.1,0.58,12.48,7.76,13.45,3.93,004-0.png,858,850,72.009
0.0,2.21,18.34,-10.15,13.45,5.39,005-0.png,858,850,72.009
0.0,0.12,15.56,-14.85,13.45,5.34,005-1.png,839,850,72.009
-2.0,0.94,4.5,17.22,13.45,8.28,006-0.png,854,850,72.009
0.0,1.98,16.26,-15.9,13.45,4.76,007-0.png,858,850,72.009
-1.0,1.43,14.21,-9.91,13.45,4.94,007-1.png,840,850,72.009
0.1,5.72,15.44,25.57,13.45,6.33,008-0.png,857,850,72.009
-1.0,3.35,16.15,23.99,13.45,6.56,008-1.png,837,850,72.009
0.0,10.81,19.89,22.32,13.45,4.63,009-0.png,860,850,72.009
0.7,7.5,18.34,20.25,13.45,4.8,009-1.png,840,850,72.009
0.4,10.4,16.84,-5.61,13.45,4.49,010-0.png,856,850,72.009
0.0,7.54,19.22,-6.61,12.26,4.54,010-1.png,835,850,72.009
0.2,4.79,14.81,3.07,13.67,5.29,011-0.png,835,850,72.009
0.1,5.73,13.66,-1.01,13.07,5.39,011-1.png,855,850,72.009
0.0,1.74,20.04,15.77,13.45,5.64,012-0.png,861,850,72.009
-1.0,5.48,11.18,19.85,13.45,5.85,012-1.png,839,850,72.009
0.0,6.82,13.49,23.38,13.45,5.22,014-0.png,836,850,72.009
0.1,0.35,15.25,19.3,13.45,6.67,014-1.png,856,850,72.009
0.0,7.93,13.36,23.54,13.45,6.84,015-0.png,857,850,72.009
0.2,2.21,18.69,9.71,13.45,5.38,016-0.png,860,850,72.009
0.0,1.51,14.89,7.18,13.45,5.43,016-1.png,860,850,72.009
0.6,1.63,16.65,7.06,13.45,5.61,016-2.png,860,850,72.009
-1.0,11.57,16.09,17.93,13.45,6.88,017-0.png,856,850,72.009
0.0,2.12,14.85,17.32,13.45,6.92,017-1.png,849,850,72.009
0.0,9.35,15.13,16.76,13.45,6.94,017-2.png,834,850,72.009
0.0,0.0,11.71,15.08,13.45,4.36,018-0.png,879,850,72.009
0.0,1.9,16.68,15.95,13.45,4.6,018-1.png,840,850,72.009
0.4,1.07,12.73,22.59,13.45,5.36,019-0.png,840,850,72.009
0.0,3.95,15.62,23.55,13.45,5.11,019-1.png,861,850,72.009
0.1,1.07,11.86,22.95,13.45,5.06,019-2.png,839,850,72.009
0.0,4.2,20.28,-15.03,13.45,3.96,020-0.png,858,850,72.009
0.3,1.75,19.2,18.32,13.45,5.45,021-0.png,858,850,72.009
0.0,6.45,18.06,18.28,13.45,6.53,022-0.png,837,850,72.009
0.0,0.36,20.77,22.58,13.45,3.92,023-0.png,840,850,72.009
0.2,8.1,14.85,-3.05,13.11,5.64,024-0.png,839,850,72.009
0.0,1.37,16.73,10.81,13.45,4.51,025-0.png,879,850,72.009
-1.0,3.66,16.16,17.84,13.45,3.94,025-1.png,901,850,72.009
0.0,1.36,16.64,11.42,13.45,3.97,025-2.png,881,850,72.009
-1.0,9.07,19.71,16.82,13.45,4.34,025-3.png,860,850,72.009
0.0,1.36,16.93,13.09,13.45,4.35,025-4.png,882,850,72.009
0.0,2.91,14.93,20.33,13.45,4.57,026-0.png,858,850,72.009
0.0,1.25,18.87,18.13,13.45,5.05,026-1.png,879,850,72.009
0.0,3.55,15.17,20.42,13.45,5.15,026-2.png,902,850,72.009
-1.0,2.33,14.46,22.91,13.45,4.71,026-3.png,860,850,72.009
0.0,4.99,16.45,19.94,13.45,4.82,026-4.png,881,850,72.009
0.0,2.68,17.77,-22.05,13.45,4.33,027-0.png,859,850,72.009
0.2,9.32,17.99,26.02,13.45,6.23,028-0.png,858,850,72.009
0.0,11.54,18.9,-2.89,13.45,5.59,029-0.png,858,850,72.009
0.9,5.46,15.12,-0.58,13.45,8.94,030-0.png,879,850,72.009
0.2,6.76,10.76,12.28,13.45,9.37,031-0.png,858,850,72.009
0.2,4.07,19.6,-9.76,13.26,4.51,032-0.png,860,850,72.009
0.2,12.69,19.25,1.08,13.45,5.4,033-0.png,859,850,72.009
0.2,4.29,18.3,17.91,13.0,2.91,034-0.png,840,850,72.009
0.0,3.37,19.85,-10.08,12.98,3.87,035-0.png,860,850,72.009
0.0,3.87,16.68,-7.35,13.45,4.94,036-0.png,878,850,72.009
0.0,1.36,20.66,3.6,12.72,3.57,037-0.png,880,850,72.009
0.0,2.63,19.08,7.89,13.45,3.79,037-1.png,990,850,72.009
0.0,2.32,20.0,8.12,13.45,3.79,037-2.png,861,850,72.009
0.0,3.8,19.22,8.16,12.55,3.66,037-3.png,922,850,72.009
0.0,3.25,20.25,5.5,13.45,3.81,037-4.png,862,850,72.009
0.2,1.98,17.37,1.12,13.45,7.13,038-0.png,859,850,72.009
0.8,2.45,18.17,18.4,13.45,4.74,039-0.png,858,850,72.009
0.0,11.05,16.58,22.59,13.45,5.13,040-0.png,860,850,72.009
0.0,3.84,15.72,19.04,13.45,5.67,041-0.png,860,850,72.009
1.1,1.55,18.65,-1.57,13.45,4.86,042-0.png,840,850,72.009
0.0,0.81,16.42,13.93,13.45,6.14,043-0.png,859,850,72.009
0.8,3.26,12.52,25.72,13.45,5.29,044-0.png,858,850,72.009
0.2,7.98,12.87,18.68,13.45,7.64,045-0.png,840,850,72.009
0.0,1.19,19.08,9.76,13.45,3.65,046-0.png,841,850,72.009
0.2,0.0,13.89,-1.95,13.45,8.29,047-0.png,840,850,72.009
0.3,4.53,21.16,-21.12,13.45,3.46,048-0.png,860,850,72.009
0.2,2.45,14.26,-12.81,13.45,3.73,049-0.png,856,850,72.009
0.2,3.95,18.9,-18.15,13.45,5.73,050-0.png,860,850,72.009
0.0,4.55,15.81,18.76,13.45,5.74,051-0.png,880,850,72.009
1.0,3.75,17.24,-1.82,12.5,6.14,052-0.png,880,850,72.009
1.2,8.82,15.63,-23.55,13.45,6.65,053-0.png,839,850,72.009
0.0,0.54,16.8,-6.14,13.45,7.48,054-0.png,921,850,72.009
0.0,3.17,11.99,12.28,13.45,3.88,055-0.png,819,850,72.009
0.3,3.14,17.08,-5.62,13.45,7.05,056-0.png,859,850,72.009
0.5,4.56,15.05,-5.42,13.45,5.6,058-0.png,878,850,72.009
0.5,3.87,8.62,-17.83,13.45,4.87,058-1.png,879,850,72.009
0.0,4.4,15.94,-13.94,13.45,5.8,058-2.png,818,850,72.009
0.3,3.33,15.36,-13.32,13.45,5.74,058-3.png,840,850,72.009
0.4,9.06,17.89,11.45,13.45,5.95,059-0.png,839,850,72.009
0.0,8.46,17.94,13.62,13.45,6.26,059-1.png,839,850,72.009
0.0,8.1,16.81,14.06,13.45,6.75,059-2.png,839,850,72.009
0.3,10.83,17.28,12.37,13.45,5.82,059-3.png,859,850,72.009
0.0,7.32,18.3,14.09,13.45,3.99,060-0.png,820,850,72.009
0.0,5.27,18.07,9.85,12.15,4.2,060-1.png,816,850,72.009
0.0,7.08,20.42,11.34,13.45,4.37,060-2.png,819,850,72.009
0.0,2.79,20.36,20.0,12.17,4.14,060-3.png,860,850,72.009
0.5,4.52,18.29,11.26,13.45,5.05,061-0.png,840,850,72.009
1.3,3.41,10.52,14.38,13.45,4.59,061-1.png,880,850,72.009
0.4,2.79,16.4,10.98,13.45,4.64,061-2.png,860,850,72.009
0.5,2.21,10.1,16.64,13.45,4.96,061-3.png,860,850,72.009
0.0,0.23,11.09,7.45,13.33,4.23,062-0.png,860,850,72.009
0.2,3.95,6.92,10.67,13.45,4.35,062-1.png,860,850,72.009
0.8,3.69,12.51,1.84,13.77,3.48,062-2.png,840,850,72.009
1.1,9.3,17.71,-6.18,13.67,3.87,063-0.png,839,850,72.009
0.3,6.84,17.18,-10.41,13.59,3.98,063-1.png,819,850,72.009
0.2,10.48,20.18,-6.31,14.69,4.47,063-2.png,859,850,72.009
0.8,2.98,15.73,2.36,13.45,5.18,064-0.png,840,850,72.009
0.0,1.4,19.18,9.49,12.36,5.13,064-1.png,860,850,72.009
0.3,0.24,19.08,5.6,12.98,5.16,064-2.png,839,850,72.009
0.0,1.74,19.71,3.72,13.45,5.02,064-3.png,860,850,72.009
1.5,3.34,10.35,-7.62,13.45,5.85,065-0.png,839,850,72.009
0.4,5.35,19.11,-10.89,13.45,5.39,065-1.png,879,850,72.009
0.0,0.58,14.11,19.25,14.85,4.75,066-0.png,859,850,72.009
0.2,0.93,17.6,15.63,14.85,4.47,066-1.png,859,850,72.009
0.4,1.05,18.49,-10.4,13.45,5.82,067-0.png,858,850,72.009
0.9,1.28,14.74,15.79,13.45,5.26,068-0.png,859,850,72.009
0.0,1.94,19.61,-10.29,13.45,4.0,069-0.png,878,850,72.009
0.0,1.93,14.76,15.91,14.07,3.71,070-0.png,879,850,72.009
0.5,1.93,22.26,14.42,13.45,5.26,071-0.png,879,850,72.009
0.7,4.89,19.93,24.9,13.45,4.44,072-0.png,818,850,72.009
0.0,3.61,10.65,17.85,13.45,6.2,073-0.png,858,850,72.009
1.0,1.86,11.52,10.62,13.45,4.97,074-0.png,858,850,72.009
0.4,3.97,19.33,-3.9,13.45,5.53,075-0.png,857,850,72.009
0.3,2.1,20.93,11.45,13.45,3.06,076-0.png,858,850,72.009
0.0,3.38,19.49,-2.26,13.45,3.81,077-0.png,857,850,72.009
-2.0,0.0,13.62,20.12,13.45,5.73,078-0.png,860,850,72.009
0.2,0.58,17.06,6.47,13.45,6.04,079-0.png,857,850,72.009
0.0,1.16,14.46,22.5,13.45,8.55,080-0.png,859,850,72.009
0.5,2.91,16.64,25.07,13.45,3.88,081-0.png,858,850,72.009
0.0,1.66,19.4,-0.46,13.45,4.18,081-1.png,845,850,72.009
0.3,5.35,14.42,16.33,13.41,5.71,082-0.png,879,850,72.009
0.9,5.8,18.52,-8.11,13.45,5.02,083-0.png,880,850,72.009
0.0,5.23,17.95,10.83,13.45,6.38,084-0.png,880,850,72.009
0.0,3.14,17.6,11.85,13.45,5.9,084-1.png,859,850,72.009
0.6,6.03,21.52,-6.37,13.45,2.56,085-0.png,879,850,72.009
0.6,9.89,22.1,-18.62,11.9,2.57,085-1.png,839,850,72.009
0.5,11.87,14.7,-7.45,13.45,2.89,085-2.png,859,850,72.009
0.5,12.0,21.69,-5.62,13.45,2.59,085-3.png,858,850,72.009
0.4,7.45,22.22,-13.82,13.45,2.73,085-4.png,899,850,72.009
0.6,3.15,16.84,-10.05,11.9,2.22,085-5.png,890,850,72.009
0.3,2.45,18.46,18.38,13.45,5.15,086-0.png,858,850,72.009
0.0,1.01,18.54,22.63,12.79,2.86,087-0.png,895,850,72.009
0.0,1.34,18.05,17.06,13.01,2.92,087-1.png,897,850,72.009
0.3,1.0,21.16,17.67,12.6,2.94,087-2.png,898,850,72.009
0.0,0.57,18.21,12.46,13.45,6.65,088-0.png,877,850,72.009
0.0,0.0,15.7,14.16,13.45,6.7,088-1.png,877,850,72.009
0.0,3.12,17.71,17.51,13.45,6.97,088-2.png,897,850,72.009
0.0,0.57,17.28,16.98,13.45,5.48,089-0.png,871,850,72.009
0.4,1.69,15.31,23.31,13.45,5.51,089-1.png,886,850,72.009
0.0,1.68,19.22,23.39,13.45,5.24,089-2.png,831,850,72.009
0.0,6.14,19.46,6.73,13.45,4.99,090-0.png,863,850,72.009
0.0,6.13,16.93,10.56,13.45,4.94,090-1.png,865,850,72.009
0.0,6.13,17.5,-2.73,13.45,5.07,090-2.png,864,850,72.009
0.4,4.05,18.91,-8.99,14.11,2.81,091-0.png,864,850,72.009
0.1,8.65,19.12,-17.89,12.23,3.0,091-2.png,832,850,72.009
0.4,3.12,16.23,3.34,13.45,4.65,092-0.png,864,850,72.009
0.0,1.64,17.67,-3.51,13.45,4.13,092-1.png,853,850,72.009
-1.0,2.54,14.27,10.42,13.45,5.27,092-2.png,867,850,72.009
0.0,4.5,14.66,24.73,13.45,3.32,093-0.png,867,850,72.009
0.0,0.46,15.42,23.98,13.45,3.87,093-1.png,871,850,72.009
0.1,3.82,13.32,22.31,13.45,3.8,093-2.png,864,850,72.009
0.0,0.46,16.27,-6.22,13.45,5.85,094-0.png,868,850,72.009
0.2,3.61,14.07,-7.75,12.02,5.75,094-1.png,858,850,72.009
0.0,4.5,18.44,-6.94,13.45,6.11,094-2.png,867,850,72.009
0.2,7.48,20.22,10.48,13.45,4.2,095-0.png,829,850,72.009
0.0,2.47,20.11,23.76,13.45,3.96,095-1.png,851,850,72.009
0.2,2.48,17.37,15.59,13.45,6.94,096-0.png,848,850,72.009
0.6,3.69,20.11,1.29,13.45,4.03,097-0.png,841,850,72.009
0.4,3.92,20.16,24.66,11.93,4.17,098-0.png,867,850,72.009
0.0,1.66,21.31,23.72,13.29,2.77,099-0.png,905,850,72.009
0.5,4.4,16.65,-19.77,13.45,3.4,100-0.png,864,850,72.009
0.2,5.32,19.89,2.13,13.45,4.23,102-0.png,865,850,72.009
0.4,5.3,20.25,-7.44,13.45,4.17,102-1.png,868,850,72.009
0.8,5.63,17.68,-5.07,11.89,3.53,103-0.png,871,850,72.009
0.8,4.27,17.4,17.48,13.45,4.84,104-0.png,866,850,72.009
0.2,1.54,14.99,10.36,13.45,9.56,105-0.png,843,850,72.009
0.0,5.25,19.53,-1.19,13.45,3.94,106-0.png,877,850,72.009
0.5,3.47,21.28,-22.86,13.45,3.02,107-0.png,894,850,72.009
0.2,4.51,21.27,-18.78,13.45,3.1,107-1.png,864,850,72.009
0.4,5.86,18.58,-19.0,13.45,2.84,107-2.png,871,850,72.009
0.3,5.51,20.86,-17.51,13.45,2.78,107-3.png,871,850,72.009
0.6,2.36,14.93,6.37,13.45,5.11,108-0.png,849,850,72.009
0.4,6.74,13.14,5.23,13.45,4.94,108-1.png,890,850,72.009
0.0,5.18,14.32,6.65,13.45,4.64,108-2.png,869,850,72.009
0.6,7.17,12.23,-5.17,13.45,5.34,108-3.png,892,850,72.009
0.0,4.93,20.69,-0.54,13.45,4.17,109-0.png,873,850,72.009
0.4,3.81,14.29,-7.01,13.45,4.7,109-1.png,866,850,72.009
0.0,5.13,17.46,2.08,13.45,3.93,109-2.png,877,850,72.009
0.0,6.59,20.6,-8.78,13.45,3.92,109-3.png,895,850,72.009
0.2,2.7,15.59,-7.11,13.45,4.2,110-0.png,888,850,72.009
0.2,1.6,15.52,-9.56,11.99,4.15,110-1.png,874,850,72.009
0.2,2.99,19.46,-0.62,12.1,4.28,110-2.png,871,850,72.009
0.0,2.88,17.17,-9.35,12.13,3.71,110-3.png,868,850,72.009
0.5,2.94,14.42,-11.26,13.45,3.99,111-0.png,850,850,72.009
0.2,3.04,19.3,-9.27,13.45,4.69,111-1.png,854,850,72.009
0.0,4.86,16.75,-7.97,13.45,4.7,111-2.png,864,850,72.009
0.3,5.2,20.05,-8.14,13.45,4.44,111-3.png,865,850,72.009
0.2,2.23,16.18,-12.01,13.45,5.04,112-0.png,852,850,72.009
0.2,3.33,16.75,-10.25,12.72,4.93,112-1.png,872,850,72.009
0.0,3.67,16.48,-8.13,13.45,4.47,112-2.png,873,850,72.009
0.0,0.46,13.66,-10.02,14.47,4.62,112-3.png,873,850,72.009
0.3,4.13,13.95,-17.08,13.45,3.83,113-0.png,872,850,72.009
0.8,6.85,14.26,-13.37,13.45,4.1,113-1.png,890,850,72.009
0.0,5.12,15.61,-14.44,13.45,3.87,113-2.png,879,850,72.009
0.3,6.09,13.87,-8.76,13.45,4.03,113-3.png,887,850,72.009
0.8,3.89,18.95,-2.17,13.45,5.54,114-0.png,874,850,72.009
0.0,3.12,18.87,-1.36,13.45,5.86,114-1.png,896,850,72.009
0.0,3.1,16.12,-5.16,13.45,5.68,114-2.png,871,850,72.009
0.0,2.09,18.69,0.0,13.45,6.0,114-3.png,861,850,72.009
0.0,8.77,18.96,23.97,13.45,3.81,115-0.png,889,850,72.009
0.2,8.28,18.06,13.42,13.45,4.07,116-0.png,833,850,72.009
0.3,4.13,19.66,2.35,13.45,4.03,117-0.png,871,850,72.009
0.2,6.35,16.11,-9.38,13.45,4.7,117-1.png,787,850,72.009
0.0,2.97,14.78,-5.93,13.45,4.98,117-2.png,874,850,72.009
0.0,5.15,12.3,-8.58,13.45,4.36,117-3.png,893,850,72.009
0.5,7.24,20.19,21.31,13.45,3.28,118-0.png,870,850,72.009
0.2,5.71,20.11,19.09,13.45,3.17,118-1.png,841,850,72.009
0.0,7.43,19.22,25.62,13.45,3.12,118-2.png,861,850,72.009
0.3,5.27,16.08,15.62,13.45,3.22,118-3.png,854,850,72.009
0.0,6.83,15.43,15.69,13.45,3.35,118-4.png,864,850,72.009
0.3,9.34,17.28,21.12,13.45,3.06,118-5.png,835,850,72.009
0.1,3.36,20.46,26.57,13.45,3.0,118-6.png,864,850,72.009
0.2,1.32,18.15,-13.71,13.45,4.5,119-0.png,831,850,72.009
0.0,1.99,20.42,-13.08,13.45,4.11,119-1.png,854,850,72.009
0.0,3.66,18.3,-5.18,13.45,3.98,120-0.png,819,850,72.009
-3.0,2.66,13.25,-2.21,13.45,6.48,121-0.png,866,850,72.009
0.8,3.33,15.72,-5.0,13.45,7.67,121-1.png,870,850,72.009
0.1,2.89,16.02,15.39,13.45,7.23,122-0.png,864,850,72.009
0.3,5.63,20.71,21.48,13.45,3.98,123-0.png,871,850,72.009
0.5,5.38,20.01,20.81,13.45,4.07,123-1.png,873,850,72.009
0.0,5.03,20.41,11.52,13.45,4.08,123-2.png,875,850,72.009
0.0,3.33,20.61,16.05,13.45,3.84,123-3.png,841,850,72.009
0.0,5.99,20.66,20.6,13.45,3.88,123-4.png,851,850,72.009
0.0,3.57,18.8,-5.61,13.45,6.07,124-0.png,868,850,72.009
0.0,7.84,18.62,-2.02,13.45,6.11,124-1.png,829,850,72.009
0.0,3.29,18.34,-2.17,13.45,6.54,124-2.png,851,850,72.009
0.0,4.16,18.05,-4.49,13.45,6.85,124-3.png,841,850,72.009
0.1,0.35,16.77,-1.21,13.02,6.37,125-0.png,851,850,72.009
0.7,0.7,17.39,-2.44,13.49,6.46,125-1.png,858,850,72.009
0.0,0.0,18.03,-0.41,12.55,6.21,125-2.png,853,850,72.009
0.1,2.22,15.42,7.12,13.13,6.39,125-3.png,854,850,72.009
0.0,6.74,18.06,-3.14,13.45,5.88,126-0.png,890,850,72.009
0.4,3.55,17.54,-6.02,13.45,7.19,126-1.png,873,850,72.009
0.0,4.01,13.66,-6.24,13.45,5.8,126-2.png,872,850,72.009
0.1,1.54,13.11,-10.83,13.45,5.45,126-3.png,845,850,72.009
-1.0,1.9,17.75,-3.4,13.45,6.26,126-4.png,841,850,72.009
0.0,4.91,14.71,-13.82,13.45,4.49,127-0.png,875,850,72.009
0.0,4.7,20.42,-15.28,13.45,4.08,127-1.png,873,850,72.009
0.3,2.11,16.71,-15.57,13.45,4.38,127-2.png,854,850,72.009
0.4,3.78,15.13,-10.14,13.45,9.33,128-0.png,874,850,72.009
0.0,8.38,15.6,-8.57,13.45,9.09,128-1.png,835,850,72.009
0.0,1.66,15.37,-4.29,13.45,8.99,128-2.png,845,850,72.009
0.0,8.76,15.68,-5.81,13.45,9.27,128-3.png,822,850,72.009
0.0,1.89,13.62,-8.87,13.45,9.35,128-4.png,848,850,72.009
0.1,7.03,12.78,1.49,14.8,11.53,129-0.png,854,850,72.009
0.0,5.96,13.56,1.1,14.16,10.26,129-1.png,822,850,72.009
-1.0,4.83,10.7,0.62,14.58,10.17,129-2.png,829,850,72.009
0.1,2.05,12.07,0.63,16.48,10.72,129-3.png,876,850,72.009
0.3,5.38,15.11,25.19,13.45,4.48,130-0.png,893,850,72.009
0.5,2.33,19.6,20.74,12.93,3.82,130-1.png,858,850,72.009
0.8,0.94,17.28,20.45,13.39,4.02,130-2.png,851,850,72.009
0.3,2.86,18.87,24.59,12.98,4.06,130-3.png,874,850,72.009
0.6,2.99,16.98,22.52,13.39,3.63,130-4.png,871,850,72.009
0.0,2.93,18.52,16.77,13.45,6.32,131-0.png,854,850,72.009
0.4,3.4,18.59,16.28,13.45,6.11,131-1.png,852,850,72.009
0.0,5.34,18.4,15.74,13.45,6.23,131-2.png,861,850,72.009
0.4,4.7,15.58,10.1,13.45,6.3,131-3.png,873,850,72.009
0.8,2.64,14.36,23.18,13.45,7.45,132-0.png,871,850,72.009
0.0,1.76,11.01,26.23,13.45,6.42,132-1.png,853,850,72.009
0.0,0.71,3.93,26.3,13.45,6.31,132-2.png,841,850,72.009
-1.0,2.79,13.19,26.41,13.45,7.05,132-3.png,861,850,72.009
0.8,4.69,19.01,3.98,13.45,4.58,133-0.png,875,850,72.009
0.5,10.89,17.04,10.39,14.57,5.07,133-1.png,854,850,72.009
1.6,3.98,19.24,14.42,15.36,4.54,133-2.png,854,850,72.009
1.2,8.75,18.19,12.62,14.66,4.77,133-3.png,823,850,72.009
0.3,2.92,19.01,15.01,13.45,4.82,133-4.png,855,850,72.009
0.1,5.72,20.81,11.2,13.55,3.58,134-0.png,874,850,72.009
0.0,7.49,21.11,13.66,13.12,3.47,134-1.png,894,850,72.009
0.0,2.13,16.83,-0.46,13.45,6.78,135-0.png,844,850,72.009
0.2,5.53,14.6,3.36,13.45,6.49,135-1.png,778,850,72.009
0.0,3.88,19.32,25.52,13.45,5.19,136-0.png,851,850,72.009
0.0,3.43,16.3,4.24,13.45,4.89,137-0.png,787,850,72.009
0.6,5.09,17.81,5.85,15.35,3.44,138-0.png,864,850,72.009
0.0,4.14,18.21,-4.77,12.93,4.14,139-0.png,845,850,72.009
0.0,9.5,19.64,-9.1,12.29,4.61,139-1.png,832,850,72.009
0.3,10.13,18.97,-4.56,13.45,5.86,140-0.png,829,850,72.009
0.0,6.29,19.4,-2.74,13.45,5.32,140-1.png,859,850,72.009
0.0,3.43,21.16,-18.35,12.82,2.81,141-0.png,845,850,72.009
0.0,2.82,15.13,22.24,13.45,3.83,142-0.png,851,850,72.009
0.0,6.54,16.37,-0.67,13.05,4.12,143-0.png,871,850,72.009
-1.0,2.54,13.87,15.77,13.45,7.74,144-0.png,826,850,72.009
0.0,2.11,12.74,21.88,13.45,4.42,145-0.png,854,850,72.009
0.6,4.69,18.17,-14.43,17.95,4.05,146-0.png,832,850,72.009
0.0,3.3,17.05,25.0,13.45,5.0,147-0.png,787,850,72.009
0.0,4.84,18.62,-12.13,13.45,5.64,148-0.png,806,850,72.009
0.0,5.82,17.43,-24.33,14.57,2.88,149-0.png,877,850,72.009
0.5,2.69,17.69,-5.26,12.0,6.79,150-0.png,854,850,72.009
0.5,2.39,17.02,-7.91,13.45,6.79,150-1.png,838,850,72.009
-1.0,2.59,16.63,-3.23,13.45,6.94,150-2.png,851,850,72.009
0.0,2.91,18.19,-8.36,12.82,6.49,150-3.png,825,850,72.009
0.2,3.04,17.52,-6.72,13.45,6.7,150-4.png,822,850,72.009
0.2,3.28,18.81,-8.36,13.45,5.74,150-5.png,822,850,72.009
0.1,3.52,16.23,-6.57,13.45,5.95,150-6.png,852,850,72.009
0.0,2.63,18.39,-5.43,13.45,5.77,150-7.png,835,850,72.009
0.4,2.73,17.28,-7.92,13.45,6.85,150-8.png,841,850,72.009
0.0,3.01,17.38,-8.66,13.45,7.0,150-9.png,864,850,72.009
0.0,2.84,8.67,22.0,13.45,3.43,151-0.png,845,850,72.009
0.0,3.33,14.77,18.26,13.45,3.48,151-1.png,841,850,72.009
0.1,0.57,18.69,18.6,13.45,3.84,151-10.png,874,850,72.009
0.0,2.46,16.34,19.84,13.45,3.44,151-2.png,854,850,72.009
0.0,9.62,16.46,20.36,13.45,3.77,151-3.png,832,850,72.009
0.0,8.29,18.34,17.03,13.45,3.22,151-4.png,832,850,72.009
0.0,0.96,14.03,21.43,13.45,3.82,151-5.png,832,850,72.009
0.0,2.01,15.97,24.41,13.45,3.76,151-6.png,845,850,72.009
0.0,2.23,16.84,19.1,13.45,3.8,151-7.png,851,850,72.009
-1.0,1.53,17.68,23.57,13.45,6.07,151-8.png,851,850,72.009
0.0,2.46,14.97,20.23,13.05,6.66,152-0.png,854,850,72.009
0.0,2.13,17.02,20.98,12.74,7.08,152-1.png,845,850,72.009
0.3,2.01,17.69,17.93,13.24,6.75,152-2.png,846,850,72.009
0.0,9.86,18.15,17.05,12.31,6.31,152-3.png,832,850,72.009
0.2,0.96,17.91,17.04,13.45,6.36,152-4.png,830,850,72.009
0.0,0.84,17.81,16.47,13.45,6.72,152-5.png,829,850,72.009
0.0,2.55,14.7,19.43,13.45,6.53,152-6.png,822,850,72.009
0.3,2.97,17.69,17.58,13.45,6.29,152-7.png,841,850,72.009
0.4,2.24,17.46,18.43,13.45,6.6,152-8.png,848,850,72.009
0.2,5.44,17.93,19.37,12.09,6.33,152-9.png,864,850,72.009
0.1,3.21,15.34,25.27,13.45,4.68,153-0.png,842,850,72.009
-1.0,2.97,17.81,26.09,13.45,5.64,153-1.png,841,850,72.009
0.0,1.79,17.28,18.88,13.45,4.94,153-2.png,840,850,72.009
0.0,1.93,20.11,24.03,13.45,4.44,153-3.png,830,850,72.009
0.0,1.81,19.99,24.31,13.45,4.64,153-4.png,827,850,72.009
0.0,1.68,19.33,23.37,13.45,4.9,153-5.png,831,850,72.009
0.4,3.45,16.75,21.55,13.45,5.36,153-6.png,841,850,72.009
0.0,0.7,19.28,18.6,13.45,5.05,153-7.png,854,850,72.009
0.0,3.4,17.64,23.12,13.45,5.0,153-8.png,853,850,72.009
-1.0,5.09,17.95,26.41,13.45,5.5,153-9.png,864,850,72.009
0.0,2.12,10.32,17.78,13.45,5.79,154-0.png,851,850,72.009
0.0,2.12,16.31,18.55,13.45,5.88,154-1.png,848,850,72.009
0.2,1.78,15.05,13.88,13.45,5.71,154-2.png,841,850,72.009
0.1,1.08,18.48,20.07,13.45,5.88,154-3.png,830,850,72.009
0.0,1.08,18.84,21.18,13.45,5.43,154-4.png,835,850,72.009
0.0,1.79,18.3,22.49,13.45,5.73,154-5.png,836,850,72.009
0.0,3.17,10.99,19.14,13.45,6.06,154-6.png,851,850,72.009
0.3,2.84,18.21,18.83,13.45,5.91,154-7.png,845,850,72.009
0.3,2.73,14.07,17.57,13.45,6.17,154-8.png,841,850,72.009
0.0,4.61,10.73,22.46,13.45,6.11,154-9.png,867,850,72.009
0.0,8.08,14.95,-18.71,13.45,5.43,155-0.png,829,850,72.009
0.0,8.55,19.71,-23.95,13.45,5.02,155-1.png,819,850,72.009
0.1,1.57,15.72,-22.29,13.45,5.17,155-2.png,829,850,72.009
0.2,6.0,19.28,-23.76,13.45,5.43,155-3.png,800,850,72.009
0.0,7.66,17.79,-23.98,13.45,5.11,155-4.png,809,850,72.009
0.0,9.43,17.37,-22.27,13.45,5.13,155-5.png,827,850,72.009
0.2,8.56,19.48,-21.16,13.45,4.83,155-6.png,829,850,72.009
0.0,8.79,19.75,-19.41,13.45,5.1,155-7.png,819,850,72.009
0.0,2.63,19.36,-21.27,13.45,5.03,155-8.png,835,850,72.009
1.0,3.71,16.28,18.41,13.45,7.0,156-0.png,836,850,72.009
0.2,4.06,20.46,-10.76,11.17,3.7,157-0.png,887,850,72.009
0.0,3.21,21.82,-14.5,11.0,2.84,157-1.png,841,850,72.009
0.8,9.01,18.21,-12.62,13.45,3.86,158-0.png,832,850,72.009
0.3,5.04,21.02,-6.02,13.45,3.69,158-1.png,854,850,72.009
-1.0,5.19,20.93,-7.5,12.98,3.07,158-2.png,867,850,72.009
0.2,2.72,19.58,-18.96,13.45,4.37,159-0.png,845,850,72.009
0.0,2.5,19.85,-22.37,13.45,3.98,159-1.png,841,850,72.009
0.5,5.27,20.28,-8.98,13.45,3.83,160-0.png,854,850,72.009
0.4,1.92,17.13,-11.03,13.45,4.49,160-1.png,833,850,72.009
0.0,1.66,13.15,-2.74,13.4,6.4,161-0.png,841,850,72.009
3.1,1.31,5.96,-2.97,13.66,7.41,161-1.png,841,850,72.009
0.8,2.35,15.3,19.0,12.6,5.65,162-0.png,852,850,72.009
0.0,2.38,17.95,21.71,13.45,5.1,162-1.png,839,850,72.009
0.0,4.59,21.11,0.11,12.81,3.4,163-0.png,850,850,72.009
0.2,3.92,20.86,-3.65,13.03,3.43,163-1.png,841,850,72.009
0.3,7.81,20.22,-5.85,11.42,4.11,164-0.png,819,850,72.009
0.0,5.25,19.4,-1.08,12.54,4.46,164-1.png,800,850,72.009
0.1,3.59,16.87,-4.72,13.45,6.57,165-0.png,864,850,72.009
0.2,2.39,13.66,-2.73,13.45,8.41,165-1.png,838,850,72.009
0.0,3.66,17.03,-1.59,13.45,4.17,166-0.png,819,850,72.009
0.0,4.36,12.99,4.57,13.45,4.66,166-1.png,848,850,72.009
0.2,2.91,14.46,22.88,13.45,4.66,167-0.png,858,850,72.009
0.2,6.34,20.46,-3.45,13.45,3.62,168-0.png,867,850,72.009
0.2,6.83,14.11,0.72,13.45,2.91,168-1.png,864,850,72.009
0.8,3.64,19.05,9.93,13.45,5.64,169-0.png,851,850,72.009
0.0,1.7,19.58,10.85,13.45,4.1,169-1.png,822,850,72.009
0.0,1.53,15.42,-4.69,13.45,4.68,170-0.png,848,850,72.009
0.0,1.64,15.46,-13.14,13.45,5.22,170-1.png,852,850,72.009
0.0,3.82,8.11,5.52,13.48,5.85,171-0.png,864,850,72.009
0.0,0.96,8.31,12.3,12.29,5.86,171-1.png,831,850,72.009
0.0,5.67,17.36,-11.27,13.45,4.67,172-0.png,829,850,72.009
0.0,2.71,19.75,-13.86,13.45,4.5,172-1.png,887,850,72.009
0.0,4.6,18.3,18.93,12.27,4.5,173-0.png,848,850,72.009
0.0,4.23,17.95,19.02,11.62,5.14,173-1.png,852,850,72.009
0.0,5.06,15.79,23.34,13.45,5.28,173-2.png,849,850,72.009
0.2,5.05,15.95,14.69,12.11,4.89,173-3.png,832,850,72.009
0.0,5.31,15.83,23.49,12.22,4.89,173-4.png,772,850,72.009
0.0,7.57,16.12,15.59,13.45,5.56,174-0.png,819,850,72.009
0.0,2.87,18.78,14.53,13.45,5.53,174-1.png,870,850,72.009
0.2,4.13,14.55,8.91,13.45,5.08,174-2.png,871,850,72.009
0.0,1.88,18.81,9.42,13.45,5.39,174-3.png,851,850,72.009
0.0,4.48,19.14,8.18,13.45,4.94,174-4.png,870,850,72.009
0.6,4.05,19.09,-5.23,13.45,5.04,174-5.png,864,850,72.009
0.0,5.88,13.29,22.21,13.45,2.82,175-0.png,867,850,72.009
0.0,0.97,20.25,21.99,13.45,2.7,175-1.png,829,850,72.009
0.2,4.21,19.85,-16.63,13.45,4.54,176-0.png,831,850,72.009
0.0,9.46,18.96,12.44,13.45,5.19,177-0.png,835,850,72.009
0.0,0.58,16.58,8.67,13.45,5.57,177-1.png,869,850,72.009
0.2,1.42,17.24,-5.53,13.45,4.92,178-0.png,844,850,72.009
0.7,5.17,14.81,-3.68,13.45,5.42,178-1.png,812,850,72.009
0.0,10.34,17.28,-10.76,13.45,7.16,179-0.png,851,850,72.009
0.9,10.65,16.11,-18.12,13.45,7.96,179-1.png,845,850,72.009
0.0,2.47,20.81,-8.61,13.45,3.44,180-0.png,851,850,72.009
0.0,0.84,17.33,-10.34,13.45,3.76,180-1.png,838,850,72.009
0.4,3.32,16.87,14.69,13.45,5.53,181-0.png,873,850,72.009
0.0,1.52,18.69,11.38,13.45,5.29,181-1.png,854,850,72.009
0.0,2.26,17.28,12.93,13.45,5.29,181-2.png,841,850,72.009
0.0,6.52,20.81,18.03,12.39,3.67,182-0.png,874,850,72.009
0.1,2.73,17.28,17.96,13.45,6.88,183-0.png,844,850,72.009
0.2,3.57,19.7,-15.94,13.45,4.89,184-0.png,841,850,72.009
0.0,6.26,20.53,-18.86,13.45,4.09,184-1.png,863,850,72.009
0.2,3.16,20.93,-6.37,15.33,3.45,185-0.png,854,850,72.009
0.7,3.98,20.91,-7.72,15.07,3.44,185-1.png,854,850,72.009
0.0,4.23,20.63,-8.12,12.16,3.73,186-0.png,851,850,72.009
0.0,5.44,20.34,-3.58,12.12,4.14,186-1.png,864,850,72.009
0.0,0.0,17.12,-1.19,13.45,5.82,187-0.png,835,850,72.009
0.0,3.94,19.05,10.58,12.58,5.93,187-1.png,863,850,72.009
0.4,2.85,20.86,-11.51,13.45,4.14,188-0.png,841,850,72.009
0.0,0.72,18.07,-12.88,13.45,3.93,188-1.png,832,850,72.009
0.4,4.48,20.67,-5.75,13.45,3.91,189-0.png,871,850,72.009
0.3,2.5,21.4,-6.03,13.45,3.37,190-0.png,841,850,72.009
0.2,5.22,16.23,-0.82,13.45,3.25,190-1.png,862,850,72.009
0.0,2.16,17.05,2.42,13.45,5.43,191-0.png,835,850,72.009
0.4,2.58,15.3,2.53,12.74,6.18,192-0.png,854,850,72.009
0.0,0.39,11.84,6.12,13.45,6.82,192-1.png,774,850,72.009
0.5,5.38,16.67,0.79,13.45,4.56,193-0.png,873,850,72.009
0.9,5.07,18.38,2.79,13.45,4.81,193-1.png,867,850,72.009
0.8,3.97,18.38,4.13,13.45,4.84,193-2.png,832,850,72.009
0.3,3.88,19.33,-0.29,13.45,4.8,193-3.png,851,850,72.009
0.0,2.14,16.44,-8.67,13.45,4.47,194-0.png,841,850,72.009
0.0,2.23,17.74,-7.31,13.45,4.51,194-1.png,851,850,72.009
0.9,4.7,19.34,-19.3,13.45,5.04,195-0.png,829,850,72.009
0.5,3.36,15.1,-22.22,13.45,5.82,195-1.png,862,850,72.009
0.0,4.9,15.78,1.2,13.45,5.44,196-0.png,816,850,72.009
0.0,3.16,21.58,-9.44,13.45,3.17,197-0.png,854,850,72.009
0.0,3.06,21.66,-11.06,13.45,3.12,197-1.png,851,850,72.009
0.0,4.69,19.54,-17.97,13.45,4.2,198-0.png,875,850,72.009
0.0,4.63,19.69,-22.12,13.45,4.51,198-1.png,863,850,72.009
0.4,3.29,19.15,15.78,13.45,4.94,199-0.png,851,850,72.009
0.0,2.18,18.43,13.14,13.45,4.27,199-1.png,826,850,72.009
0.0,2.82,18.34,16.9,13.45,5.43,199-2.png,851,850,72.009
0.4,3.08,19.53,14.04,13.45,4.48,199-3.png,843,850,72.009
0.2,8.56,21.11,-7.47,12.33,3.22,200-0.png,829,850,72.009
0.2,4.64,6.58,4.28,13.45,4.53,201-0.png,862,850,72.009
0.0,5.15,19.99,-9.16,12.11,4.62,202-0.png,815,850,72.009
0.0,4.69,20.0,-7.69,13.45,4.6,202-1.png,831,850,72.009
0.1,6.41,19.75,-9.95,12.32,4.78,202-2.png,873,850,72.009
0.2,5.18,20.04,-13.95,12.63,4.57,202-3.png,869,850,72.009
0.0,6.31,20.07,-11.73,12.28,4.5,202-4.png,871,850,72.009
0.2,2.62,13.52,18.93,13.45,4.04,203-0.png,841,850,72.009
0.8,4.37,20.25,17.21,11.51,3.36,203-1.png,870,850,72.009
0.5,2.58,17.23,8.21,11.2,3.53,203-2.png,854,850,72.009
0.0,2.59,16.63,12.13,13.45,3.84,203-3.png,851,850,72.009
0.4,6.87,13.12,7.29,11.51,3.59,203-4.png,873,850,72.009
0.6,5.46,16.46,25.07,13.45,6.74,204-0.png,806,850,72.009
0.0,1.52,16.61,24.26,13.45,7.39,204-1.png,854,850,72.009
-1.0,1.06,14.57,21.78,13.45,7.91,204-3.png,851,850,72.009
0.1,6.63,16.26,24.83,13.45,7.63,204-4.png,829,850,72.009
-1.0,2.86,15.52,22.51,13.45,7.83,204-5.png,874,850,72.009
0.0,4.29,14.36,24.25,13.45,7.52,205-0.png,862,850,72.009
0.2,1.99,15.56,22.47,13.45,7.2,205-1.png,854,850,72.009
0.7,1.99,14.74,24.13,13.45,7.68,205-2.png,854,850,72.009
0.0,5.07,16.81,26.0,13.45,7.44,205-3.png,887,850,72.009
0.7,4.34,14.5,24.25,13.45,7.47,205-4.png,875,850,72.009
0.8,4.98,18.75,25.68,13.45,4.67,206-0.png,863,850,72.009
0.2,2.45,18.69,23.18,11.79,4.78,206-1.png,856,850,72.009
-1.0,1.07,9.88,23.65,13.45,5.31,206-2.png,840,850,72.009
0.4,6.54,19.3,25.59,13.45,4.52,206-3.png,887,850,72.009
0.4,8.89,18.1,25.19,11.54,4.9,206-4.png,832,850,72.009
0.2,4.93,15.97,-13.02,13.45,8.38,207-0.png,873,850,72.009
0.0,8.7,15.44,-17.21,13.45,8.89,207-1.png,805,850,72.009
0.3,4.47,17.43,-2.63,13.45,4.91,207-2.png,872,850,72.009
0.0,4.34,15.77,-21.14,13.45,8.42,207-3.png,875,850,72.009
0.1,1.76,14.07,-18.56,13.45,8.89,207-4.png,854,850,72.009
0.3,4.91,15.72,-20.48,13.45,8.74,207-5.png,875,850,72.009
0.0,4.02,17.54,8.55,13.45,5.57,208-0.png,871,850,72.009
0.0,3.41,13.21,16.56,13.45,6.66,208-1.png,851,850,72.009
0.0,3.8,12.2,19.57,13.45,6.61,208-2.png,815,850,72.009
0.0,2.81,14.02,19.53,13.45,6.21,208-3.png,890,850,72.009
0.2,3.99,14.73,10.5,13.45,6.58,208-4.png,877,850,72.009
0.0,5.52,16.28,-1.58,13.45,5.04,209-0.png,887,850,72.009
0.0,1.76,16.72,-4.46,13.45,5.47,209-1.png,853,850,72.009
0.4,4.61,19.44,-5.07,13.45,5.08,209-2.png,867,850,72.009
0.0,2.01,19.91,-8.54,13.45,4.73,209-3.png,845,850,72.009
0.6,4.75,13.86,-4.39,13.45,4.97,209-4.png,864,850,72.009
0.3,6.33,19.52,-5.56,13.45,5.25,210-0.png,884,850,72.009
-1.0,3.84,17.99,-2.92,13.45,5.92,210-1.png,860,850,72.009
0.0,5.49,15.64,17.04,12.12,5.55,211-0.png,892,850,72.009
0.5,3.43,16.97,13.51,13.45,6.35,211-1.png,874,850,72.009
0.0,3.94,18.4,-6.17,13.03,2.61,212-0.png,862,850,72.009
0.2,4.27,21.27,-6.67,13.45,2.59,212-1.png,843,850,72.009
0.3,6.66,15.72,-14.05,13.45,2.45,212-2.png,886,850,72.009
0.0,6.46,17.4,5.93,11.83,3.82,213-0.png,867,850,72.009
0.5,8.49,20.46,-1.53,13.45,4.09,213-1.png,883,850,72.009
0.3,6.41,17.11,-0.56,13.45,3.66,213-2.png,873,850,72.009
0.0,4.07,21.59,-3.91,12.6,2.99,214-0.png,884,850,72.009
0.0,5.1,21.16,-10.61,12.66,3.47,214-1.png,862,850,72.009
0.1,5.32,18.75,-7.23,13.45,5.93,215-0.png,865,850,72.009
0.0,4.37,16.49,-6.04,13.45,5.88,215-1.png,846,850,72.009
0.3,1.53,18.69,11.14,13.45,4.57,216-0.png,851,850,72.009
0.0,5.54,16.68,9.42,12.07,5.0,216-1.png,885,850,72.009
0.5,13.03,16.93,-9.57,13.9,4.02,217-0.png,867,850,72.009
0.4,0.0,17.59,6.44,13.45,4.13,217-1.png,864,850,72.009
0.1,11.0,19.4,0.83,13.23,3.86,217-2.png,864,850,72.009
0.0,3.95,18.8,10.49,13.45,5.45,218-0.png,887,850,72.009
0.0,6.15,19.4,-7.52,13.45,5.29,219-0.png,895,850,72.009
0.0,5.75,17.99,-3.9,12.38,5.98,220-0.png,887,850,72.009
0.9,3.91,16.09,24.04,13.45,7.17,221-0.png,894,850,72.009
0.0,5.86,17.87,-7.04,13.45,4.25,222-0.png,887,850,72.009
0.4,2.36,20.63,2.2,13.45,3.78,223-0.png,848,850,72.009
0.3,3.14,13.25,-6.46,13.17,4.24,224-0.png,860,850,72.009
0.2,3.17,20.22,11.26,11.94,4.38,225-0.png,852,850,72.009
0.7,4.28,19.75,17.54,13.45,4.44,226-0.png,887,850,72.009
0.4,7.96,19.79,14.66,16.09,4.14,227-0.png,829,850,72.009
0.2,0.0,20.4,17.46,13.45,4.27,228-0.png,893,850,72.009
0.0,4.36,18.78,-4.77,13.45,6.07,229-0.png,871,850,72.009
0.0,4.01,15.46,8.79,13.45,6.0,230-0.png,872,850,72.009
0.0,5.47,19.58,5.33,13.45,5.0,230-1.png,877,850,72.009
1.0,5.8,12.55,-1.8,12.93,5.54,231-0.png,827,850,72.009
0.3,7.13,18.95,-4.76,13.21,5.13,231-1.png,841,850,72.009
0.7,7.22,17.15,-14.73,14.44,4.42,232-0.png,887,850,72.009
0.0,6.4,16.4,-13.25,13.56,4.3,232-1.png,890,850,72.009
0.0,7.1,19.34,15.89,12.2,4.84,233-0.png,887,850,72.009
-1.0,4.86,18.99,17.13,12.65,4.88,233-1.png,864,850,72.009
0.0,4.01,19.3,21.0,13.45,5.29,234-0.png,873,850,72.009
0.2,6.31,15.76,22.91,13.45,5.9,234-1.png,887,850,72.009
0.1,3.31,18.8,13.42,13.45,5.69,235-0.png,877,850,72.009
0.0,4.05,18.85,17.77,13.45,5.49,235-1.png,864,850,72.009
-1.0,3.86,20.39,-4.8,11.67,4.09,236-0.png,854,850,72.009
0.3,6.99,19.2,-23.37,13.45,4.94,237-0.png,873,850,72.009
0.0,6.11,19.81,-19.89,13.45,4.84,237-1.png,867,850,72.009
0.0,4.77,19.97,-9.9,19.16,3.83,238-0.png,881,850,72.009
-1.0,5.17,18.81,21.14,13.45,4.19,239-0.png,890,850,72.009
0.0,4.79,16.89,17.36,12.37,4.42,239-1.png,877,850,72.009
0.2,9.22,17.91,8.88,11.72,4.23,239-2.png,835,850,72.009
0.2,1.07,17.09,17.48,13.45,4.34,239-3.png,838,850,72.009
0.0,6.17,20.88,1.89,13.45,3.94,240-0.png,891,850,72.009
0.0,2.55,17.33,1.62,13.45,4.16,240-1.png,864,850,72.009
0.0,5.64,16.65,-14.29,12.58,3.88,241-0.png,887,850,72.009
0.0,6.14,13.82,-14.84,13.45,3.88,241-1.png,896,850,72.009
0.0,6.65,17.13,-11.98,13.45,3.91,241-2.png,887,850,72.009
0.2,8.86,20.69,-12.1,13.45,3.36,241-3.png,903,850,72.009
0.2,6.73,15.58,-0.47,13.45,5.07,242-0.png,877,850,72.009
0.0,6.29,18.87,7.01,13.45,5.56,242-1.png,890,850,72.009
0.6,5.42,10.32,10.74,13.45,5.16,242-2.png,867,850,72.009
0.0,6.2,13.58,19.89,13.45,5.35,243-0.png,887,850,72.009
0.0,5.34,10.29,17.35,13.45,4.53,243-1.png,862,850,72.009
0.0,4.53,16.63,16.64,13.45,4.74,243-2.png,861,850,72.009
0.0,0.47,18.85,-6.12,13.45,5.52,244-0.png,854,850,72.009
0.0,1.14,14.46,11.43,13.45,5.34,245-0.png,875,850,72.009
1.6,1.25,17.5,18.6,13.45,4.21,246-0.png,879,850,72.009
0.2,2.92,20.28,17.72,13.45,4.06,246-1.png,855,850,72.009
0.1,0.34,20.33,14.08,13.45,4.26,246-2.png,887,850,72.009
-1.0,2.92,19.91,19.99,13.45,4.09,246-3.png,856,850,72.009
0.0,1.16,5.21,12.21,13.45,3.03,247-0.png,862,850,72.009
0.0,3.04,9.49,16.79,13.45,3.53,247-1.png,854,850,72.009
0.0,3.04,9.68,12.85,13.45,3.01,247-2.png,854,850,72.009
0.0,0.81,8.04,14.95,13.45,3.56,247-3.png,868,850,72.009
-1.0,4.83,11.68,20.28,13.45,3.77,247-4.png,869,850,72.009
0.6,1.26,20.56,10.38,13.45,3.76,248-0.png,876,850,72.009
0.3,2.58,21.01,5.02,13.45,3.57,248-1.png,854,850,72.009
0.0,3.28,18.38,8.77,13.45,3.88,248-2.png,854,850,72.009
0.0,3.24,20.93,6.84,13.45,3.34,248-3.png,894,850,72.009
0.0,3.17,20.46,5.29,13.45,3.83,248-4.png,851,850,72.009
-1.0,4.84,17.21,21.23,13.45,5.94,249-0.png,909,850,72.009
0.2,5.71,21.57,1.52,12.84,2.59,250-0.png,893,850,72.009
0.5,3.0,21.43,-3.4,13.38,2.68,250-1.png,867,850,72.009
0.6,8.44,14.81,7.01,13.45,5.36,251-0.png,829,850,72.009
0.0,2.47,19.27,13.95,13.45,4.13,252-0.png,851,850,72.009
0.3,4.47,17.64,-0.66,13.45,5.13,253-0.png,851,850,72.009
0.0,1.9,15.59,24.13,13.45,5.39,254-0.png,894,850,72.009
0.3,1.16,15.34,25.83,13.45,4.33,254-1.png,865,850,72.009
0.0,3.43,18.77,19.28,13.45,5.54,255-0.png,874,850,72.009
0.0,0.23,19.11,-4.97,13.45,5.34,256-0.png,867,850,72.009
0.0,5.15,14.37,-4.58,13.45,5.5,256-1.png,854,850,72.009
0.0,4.59,19.93,23.23,13.45,4.43,257-0.png,871,850,72.009
0.0,6.65,21.09,7.69,13.45,3.47,258-0.png,887,850,72.009
0.0,1.94,17.77,16.89,13.45,3.45,259-0.png,875,850,72.009
0.3,2.0,10.1,24.69,13.45,4.89,259-1.png,852,850,72.009
0.2,4.04,16.17,25.34,13.45,5.21,260-0.png,867,850,72.009
0.3,4.95,17.28,-8.77,13.45,3.92,261-0.png,868,850,72.009
0.0,2.01,17.06,22.56,13.45,4.96,262-0.png,845,850,72.009
0.0,2.94,20.95,17.03,13.45,3.23,263-0.png,851,850,72.009
0.4,4.07,13.17,7.03,13.45,9.63,264-0.png,810,850,72.009
-2.0,1.48,11.15,2.28,13.45,11.1,265-0.png,812,850,72.009
0.0,3.16,20.93,-12.0,14.16,3.24,266-0.png,854,850,72.009
0.0,5.15,15.76,11.98,11.64,5.33,267-0.png,894,850,72.009
0.0,4.45,19.54,23.84,12.67,4.33,268-0.png,877,850,72.009
1.1,2.05,18.17,21.62,13.45,4.94,269-0.png,877,850,72.009
0.1,6.58,20.63,-9.43,13.45,4.1,270-0.png,896,850,72.009
0.2,2.76,15.12,16.91,12.88,6.11,272-0.png,871,850,72.009
-1.0,0.0,15.59,22.96,12.23,6.07,272-1.png,834,850,72.009
0.4,1.95,9.88,10.42,12.16,5.51,272-2.png,873,850,72.009
0.0,3.49,16.58,-0.56,13.45,3.76,272-3.png,860,850,72.009
0.0,5.17,20.87,5.38,13.54,3.35,273-0.png,890,850,72.009
0.0,10.37,17.69,1.07,14.11,3.42,273-1.png,858,850,72.009
0.0,9.84,18.04,0.1,13.24,3.27,273-2.png,864,850,72.009
0.0,12.05,20.88,3.54,13.58,3.33,273-3.png,880,850,72.009
0.0,8.91,13.58,3.53,14.27,3.3,273-4.png,864,850,72.009
0.6,7.19,12.05,-0.85,13.45,4.28,274-0.png,835,850,72.009
0.0,5.73,15.87,-4.37,13.45,3.73,274-1.png,837,850,72.009
0.0,1.48,13.76,-8.3,13.45,3.53,274-2.png,877,850,72.009
0.0,8.0,17.34,-4.26,13.45,4.38,274-3.png,837,850,72.009
0.9,7.56,20.96,-2.35,13.45,4.78,275-0.png,860,850,72.009
1.9,9.98,17.57,-0.48,13.45,4.54,275-1.png,832,850,72.009
-1.0,5.09,20.15,-10.65,13.45,4.47,276-0.png,845,850,72.009
0.0,13.75,20.46,-8.0,13.45,4.35,276-1.png,887,850,72.009
0.5,11.69,19.9,-10.01,11.94,4.35,277-0.png,864,850,72.009
1.2,10.53,18.69,-8.69,12.89,4.94,277-1.png,864,850,72.009
0.4,7.89,20.11,-7.97,13.45,4.23,278-0.png,887,850,72.009
0.2,5.09,16.93,-0.8,13.45,3.79,278-1.png,864,850,72.009
0.4,3.67,19.93,-3.92,13.45,4.41,279-0.png,873,850,72.009
0.0,0.48,19.44,0.15,12.6,4.66,279-1.png,841,850,72.009
0.2,5.1,16.68,11.48,13.45,4.64,280-0.png,862,850,72.009
0.2,4.3,19.0,7.42,13.45,4.94,280-1.png,861,850,72.009
0.0,4.35,20.11,-4.28,13.45,4.08,281-0.png,874,850,72.009
0.5,5.17,20.65,-14.24,13.45,3.36,281-1.png,812,850,72.009
0.2,0.0,14.91,1.16,13.45,9.04,282-0.png,835,850,72.009
0.0,0.12,16.86,4.79,13.45,7.14,282-1.png,832,850,72.009
0.3,2.75,20.42,-22.41,13.45,3.72,283-0.png,836,850,72.009
0.7,7.18,20.55,-19.31,13.45,3.95,283-1.png,877,850,72.009
-1.0,2.82,19.1,-11.29,12.3,4.26,285-0.png,887,850,72.009
0.4,1.03,18.64,-17.6,12.98,4.5,285-1.png,874,850,72.009
0.0,2.84,11.24,-20.0,13.45,4.44,285-2.png,880,850,72.009
0.3,0.0,12.84,-14.33,13.45,5.04,285-3.png,871,850,72.009
0.0,0.46,11.16,-18.52,13.45,5.1,285-4.png,861,850,72.009
0.0,3.17,9.94,14.87,13.45,5.32,286-0.png,883,850,72.009
0.0,1.04,17.5,20.95,13.45,5.68,286-1.png,864,850,72.009
0.0,2.85,17.34,23.13,13.45,5.45,286-2.png,877,850,72.009
0.0,1.76,17.4,20.64,13.45,5.67,286-3.png,854,850,72.009
0.1,1.52,18.1,-12.29,13.45,6.35,287-0.png,854,850,72.009
-1.0,0.82,16.61,-6.9,13.45,5.78,287-1.png,854,850,72.009
0.0,1.03,18.45,-3.87,13.45,6.35,287-2.png,874,850,72.009
0.7,1.16,15.44,-8.23,13.45,6.65,287-3.png,865,850,72.009
0.0,0.23,15.49,-8.29,13.45,5.8,287-4.png,864,850,72.009
0.0,0.81,20.96,-19.92,13.45,4.01,288-0.png,869,850,72.009
0.3,0.23,20.91,-26.57,13.45,4.01,288-1.png,867,850,72.009
0.0,1.03,21.01,-26.21,13.45,4.1,288-2.png,874,850,72.009
0.0,1.99,20.11,-25.5,13.45,4.27,288-3.png,854,850,72.009
0.3,1.41,17.01,-22.49,13.45,5.08,288-4.png,854,850,72.009
0.0,2.82,16.67,-15.14,13.45,5.04,289-0.png,851,850,72.009
0.3,2.58,17.09,-10.9,13.45,5.6,289-1.png,854,850,72.009
0.0,2.85,18.34,-15.76,13.45,5.34,289-2.png,877,850,72.009
0.2,5.12,18.39,-16.67,13.45,5.45,289-3.png,860,850,72.009
0.0,2.82,17.99,-13.24,13.45,5.34,289-4.png,887,850,72.009
0.4,1.26,18.65,19.03,13.45,4.81,290-0.png,873,850,72.009
0.0,8.81,15.34,-0.41,13.45,4.97,291-0.png,829,850,72.009
0.0,9.01,17.75,-1.83,13.45,4.37,291-1.png,832,850,72.009
0.0,0.23,16.4,5.93,13.45,4.59,291-2.png,867,850,72.009
0.0,11.48,15.36,0.82,13.45,4.35,291-3.png,854,850,72.009
0.0,5.07,19.47,-20.76,13.45,4.63,292-0.png,829,850,72.009
0.0,1.14,16.26,-24.3,13.45,4.37,292-1.png,875,850,72.009
0.0,7.89,17.81,-20.28,13.45,4.36,292-2.png,849,850,72.009
0.0,2.81,20.07,-22.57,13.45,4.1,292-3.png,890,850,72.009
-1.0,2.91,16.54,-18.67,13.45,4.57,292-4.png,892,850,72.009
0.0,2.84,11.64,4.8,13.45,5.0,293-0.png,880,850,72.009
0.0,2.85,5.93,7.92,13.45,5.2,293-1.png,877,850,72.009
0.0,0.92,10.79,7.77,13.45,4.54,293-2.png,870,850,72.009
0.0,2.81,13.32,9.28,13.45,5.79,293-3.png,890,850,72.009
0.0,2.11,8.5,6.47,13.45,5.59,293-4.png,854,850,72.009
0.0,2.81,16.4,-10.77,13.45,6.17,294-0.png,890,850,72.009
0.0,0.81,18.5,-5.35,13.45,6.14,294-1.png,864,850,72.009
0.0,6.15,18.66,-2.55,13.45,6.35,294-2.png,845,850,72.009
0.0,2.28,15.8,-7.35,13.45,6.86,294-3.png,877,850,72.009
0.0,0.23,15.24,-4.85,13.45,3.44,295-0.png,877,850,72.009
0.0,9.47,18.83,-10.54,13.45,3.76,295-1.png,845,850,72.009
0.0,3.66,16.37,7.04,11.93,7.52,296-0.png,820,850,72.009
0.1,4.05,15.77,18.09,13.05,7.82,296-1.png,864,850,72.009
0.0,4.26,12.66,20.82,13.45,8.13,296-2.png,845,850,72.009
0.1,5.47,19.17,7.99,13.87,5.26,297-0.png,822,850,72.009
0.0,3.12,20.54,-3.43,14.0,3.58,297-1.png,864,850,72.009
0.1,8.09,20.69,-1.59,14.58,3.55,297-2.png,841,850,72.009
0.0,0.61,21.2,17.04,13.32,3.17,298-0.png,826,850,72.009
0.0,4.58,21.12,16.28,13.13,3.3,298-1.png,852,850,72.009
0.0,4.96,16.97,17.27,12.83,3.54,298-2.png,867,850,72.009
0.0,8.28,17.32,23.26,13.45,6.08,299-0.png,845,850,72.009
0.1,7.69,16.93,24.79,13.45,6.26,299-1.png,845,850,72.009
-1.0,5.28,16.3,24.07,13.45,6.56,299-2.png,815,850,72.009
0.0,4.63,19.32,5.96,13.45,4.25,300-0.png,864,850,72.009
0.0,4.8,19.75,-5.7,13.45,4.19,300-1.png,854,850,72.009
0.3,4.45,13.29,-4.78,13.45,4.0,300-2.png,809,850,72.009
0.0,4.59,17.35,17.38,13.45,4.96,301-0.png,806,850,72.009
0.1,3.63,16.23,18.35,13.45,5.47,301-1.png,881,850,72.009
0.2,5.58,15.44,-16.19,13.45,4.76,302-0.png,806,850,72.009
0.0,0.36,18.39,1.51,13.45,6.13,303-0.png,835,850,72.009
0.5,9.9,16.11,-7.91,13.45,4.02,304-0.png,828,850,72.009
0.0,9.22,18.07,-6.82,13.45,6.23,305-0.png,835,850,72.009
0.5,0.0,19.19,19.94,13.45,5.5,307-0.png,893,850,72.009
0.3,2.43,17.77,23.19,13.45,5.37,308-0.png,864,850,72.009
0.0,1.28,13.05,17.17,13.45,9.17,310-0.png,858,850,72.009
0.5,2.22,19.45,24.41,13.45,4.51,312-0.png,854,850,72.009
0.1,4.18,23.46,9.72,13.45,8.02,313-0.png,861,850,72.009
0.2,2.28,11.89,25.29,13.45,11.95,314-0.png,832,850,72.009
1.1,1.77,11.84,14.17,13.45,4.94,315-0.png,849,850,72.009
0.1,2.48,13.4,7.82,13.45,5.19,315-1.png,887,850,72.009
0.0,3.39,17.28,8.36,13.45,4.68,315-2.png,884,850,72.009
0.0,9.92,12.31,15.86,13.45,5.77,315-3.png,867,850,72.009
0.1,3.83,14.16,18.96,13.45,4.99,315-4.png,887,850,72.009
0.0,3.87,17.03,14.38,13.45,4.46,315-5.png,878,850,72.009
0.1,5.76,16.49,18.12,13.45,5.78,315-6.png,747,850,72.009
0.1,3.31,11.89,2.62,13.75,9.1,316-0.png,845,850,72.009
0.6,3.86,15.05,-4.5,13.45,5.35,317-0.png,856,850,72.009
-1.0,1.82,14.9,-13.64,21.29,3.6,318-0.png,880,850,72.009
0.3,2.51,10.76,1.8,12.19,4.85,319-0.png,877,850,72.009
0.0,4.31,16.38,-10.81,13.45,4.94,320-0.png,858,850,72.009
0.0,3.97,16.73,-15.26,13.45,4.84,320-1.png,857,850,72.009
0.0,2.51,20.21,-4.24,13.45,4.12,321-0.png,837,850,72.009
0.0,5.01,20.93,-16.77,13.45,3.22,321-1.png,858,850,72.009
0.5,4.9,19.46,-6.49,13.45,4.73,322-0.png,877,850,72.009
0.0,1.97,15.52,13.85,13.45,5.8,323-0.png,863,850,72.009
0.0,2.57,18.14,-7.73,13.45,3.88,324-0.png,857,850,72.009
0.2,0.0,18.69,-13.21,13.45,3.88,324-1.png,836,850,72.009
0.1,0.0,18.89,-6.51,13.45,4.94,325-0.png,825,850,72.009
0.9,2.03,13.91,-2.15,13.45,5.42,325-1.png,837,850,72.009
0.0,2.43,21.31,0.25,13.45,3.47,326-0.png,865,850,72.009
0.0,5.02,20.99,-4.35,11.76,3.58,327-0.png,877,850,72.009
0.0,0.47,20.39,-22.57,13.45,4.17,328-0.png,847,850,72.009
0.0,7.15,20.49,-22.64,14.93,4.17,328-1.png,825,850,72.009
0.1,4.42,18.64,-5.55,13.45,5.29,329-0.png,883,850,72.009
0.4,3.53,19.17,-3.66,12.61,5.12,329-1.png,877,850,72.009
0.0,7.95,17.95,-6.54,13.45,3.07,330-0.png,843,850,72.009
0.3,7.7,21.16,-14.6,12.52,2.41,330-1.png,909,850,72.009
0.0,8.84,16.09,-9.53,13.45,2.75,330-2.png,837,850,72.009
0.0,8.44,17.69,-4.99,13.45,2.9,330-3.png,841,850,72.009
0.0,4.45,17.92,3.32,13.45,5.41,331-0.png,877,850,72.009
0.3,2.11,18.97,24.16,13.45,4.5,332-0.png,854,850,72.009
0.1,4.87,17.13,22.95,13.45,3.95,332-1.png,883,850,72.009
0.0,7.11,20.11,22.01,12.1,3.88,332-2.png,900,850,72.009
0.0,4.1,19.36,21.74,13.45,3.9,332-3.png,877,850,72.009
0.0,6.22,20.39,21.05,13.45,4.03,332-4.png,900,850,72.009
0.2,4.56,14.97,20.12,13.45,3.72,332-5.png,877,850,72.009
0.0,4.87,16.14,10.23,12.24,3.47,332-6.png,883,850,72.009
0.1,2.17,20.94,12.51,13.45,3.47,332-7.png,874,850,72.009
0.0,1.05,15.66,0.1,13.05,5.54,333-0.png,854,850,72.009
0.0,1.14,15.95,-0.2,13.45,5.87,333-1.png,877,850,72.009
0.0,4.13,14.81,0.31,13.05,5.74,333-2.png,896,850,72.009
0.8,1.37,18.11,-5.46,13.45,5.33,333-3.png,874,850,72.009
0.1,8.25,19.47,-6.03,13.45,5.67,333-4.png,861,850,72.009
0.4,3.82,34.01,-6.25,13.45,5.33,333-5.png,890,850,72.009
-1.0,1.71,18.07,-5.11,13.45,5.09,333-6.png,877,850,72.009
6.0,1.6,3.0,-26.57,46.12,2.92,333-7.png,877,850,72.009
0.3,3.76,19.27,-1.44,13.45,5.38,333-8.png,877,850,72.009
0.0,2.22,21.38,-12.08,13.47,3.02,334-0.png,854,850,72.009
0.0,4.69,21.4,-7.39,14.05,2.96,334-1.png,874,850,72.009
0.7,6.04,21.09,-11.18,12.84,3.53,334-2.png,894,850,72.009
0.0,4.23,21.11,-8.42,13.45,3.22,334-3.png,874,850,72.009
0.2,7.03,21.38,-5.71,13.39,3.06,334-4.png,896,850,72.009
0.0,3.26,24.29,-7.06,12.02,3.06,334-5.png,858,850,72.009
0.0,4.79,21.16,-8.01,12.87,3.41,334-6.png,877,850,72.009
0.0,4.79,21.58,-2.33,13.14,3.08,334-7.png,877,850,72.009
-10.7,0.0,15.87,-0.29,37.04,2.56,334-8.png,877,850,72.009
0.9,4.69,19.9,4.69,13.45,3.9,335-0.png,874,850,72.009
0.5,3.6,13.87,-1.35,13.45,4.07,335-1.png,890,850,72.009
0.4,3.76,20.31,1.92,13.45,4.0,335-2.png,877,850,72.009
-11.2,0.0,9.88,-2.6,53.67,3.26,335-3.png,854,850,72.009
0.2,2.7,19.4,1.2,13.45,4.27,335-4.png,890,850,72.009
0.0,3.76,20.11,6.16,13.45,4.67,335-5.png,877,850,72.009
0.3,4.68,20.25,2.96,13.45,3.92,335-6.png,877,850,72.009
0.0,5.13,20.41,5.79,13.45,3.98,335-7.png,877,850,72.009
0.0,3.46,17.2,-14.71,13.45,4.47,336-0.png,867,850,72.009
0.0,5.02,19.75,-10.36,13.45,4.28,336-1.png,877,850,72.009
0.0,6.73,19.61,-12.07,13.45,3.94,336-2.png,891,850,72.009
0.2,5.15,13.11,-17.24,13.45,4.18,336-3.png,874,850,72.009
0.2,11.83,17.68,-13.84,13.45,4.08,336-4.png,854,850,72.009
0.3,7.37,20.46,-20.77,13.45,4.06,336-5.png,896,850,72.009
0.2,4.9,10.41,-12.8,13.45,4.12,336-6.png,877,850,72.009
0.5,5.25,13.35,-13.02,13.45,4.0,336-7.png,877,850,72.009
0.2,5.13,19.81,-7.68,13.45,4.18,336-8.png,877,850,72.009
0.0,1.76,17.17,-25.88,13.45,3.92,337-0.png,851,850,72.009
0.5,4.69,16.64,-25.34,13.45,3.63,337-1.png,874,850,72.009
0.2,7.25,12.96,-25.9,13.45,3.68,337-2.png,896,850,72.009
0.1,3.88,14.74,-24.71,13.45,4.23,337-3.png,877,850,72.009
0.3,2.22,14.41,-26.21,13.45,3.62,337-4.png,854,850,72.009
0.3,6.58,15.08,-23.8,13.45,3.57,337-5.png,896,850,72.009
0.0,4.1,15.7,-24.74,13.45,3.59,337-6.png,877,850,72.009
0.3,4.56,17.64,-25.91,13.45,3.59,337-7.png,877,850,72.009
0.2,4.45,11.85,-26.57,13.45,4.0,337-8.png,877,850,72.009
0.0,2.94,17.33,9.16,13.45,4.41,338-0.png,851,850,72.009
0.3,3.43,16.28,11.3,13.45,4.59,338-1.png,874,850,72.009
0.6,3.69,13.58,19.4,13.45,4.44,338-2.png,894,850,72.009
0.6,5.02,15.81,10.93,13.45,4.84,338-3.png,877,850,72.009
0.4,3.16,19.53,13.36,13.45,4.47,338-4.png,854,850,72.009
0.6,3.56,19.4,16.92,13.45,4.59,338-5.png,900,850,72.009
0.1,5.13,19.19,11.97,13.45,4.53,338-6.png,877,850,72.009
0.0,3.09,15.8,9.53,13.45,4.29,338-7.png,874,850,72.009
0.0,3.78,19.87,14.68,13.45,4.37,338-8.png,874,850,72.009
0.6,4.22,19.6,-0.65,13.45,4.42,339-0.png,854,850,72.009
0.2,6.39,19.81,-8.44,13.45,4.5,339-1.png,877,850,72.009
0.0,8.78,19.96,-10.19,13.45,4.37,339-2.png,900,850,72.009
0.0,8.78,12.91,-2.01,13.45,3.26,339-3.png,900,850,72.009
0.5,5.61,19.45,-1.23,13.45,4.8,339-4.png,874,850,72.009
0.0,3.76,19.95,-3.84,13.45,4.48,339-5.png,851,850,72.009
0.0,6.97,19.69,2.34,12.32,4.48,339-6.png,890,850,72.009
0.4,6.27,19.95,-4.08,11.7,4.5,339-7.png,877,850,72.009
0.3,6.73,19.58,-3.27,13.45,4.83,339-8.png,877,850,72.009
0.2,6.29,19.85,-5.53,13.45,4.67,339-9.png,874,850,72.009
0.0,3.72,18.34,3.82,13.45,3.47,340-0.png,861,850,72.009
0.0,6.27,20.63,7.72,13.45,3.55,340-1.png,877,850,72.009
0.0,6.39,17.23,5.15,13.45,3.2,340-2.png,877,850,72.009
0.2,4.22,20.37,6.16,13.45,3.36,340-3.png,854,850,72.009
0.3,5.86,15.7,4.15,13.45,3.35,340-4.png,887,850,72.009
0.0,4.68,7.58,1.81,13.45,3.6,340-5.png,877,850,72.009
0.5,4.56,12.55,9.33,11.65,3.45,340-6.png,877,850,72.009
0.0,3.99,17.46,2.29,13.45,3.49,340-7.png,877,850,72.009
0.0,1.29,17.88,17.76,13.45,6.38,341-0.png,854,850,72.009
0.3,2.98,17.99,20.83,13.45,5.91,341-2.png,873,850,72.009
0.4,6.58,17.17,13.79,12.47,6.55,341-3.png,896,850,72.009
0.6,2.86,15.8,18.92,12.06,5.68,341-4.png,874,850,72.009
-1.0,1.41,16.93,18.83,13.45,6.2,341-5.png,851,850,72.009
-1.0,5.3,16.64,22.08,12.25,5.68,341-6.png,887,850,72.009
0.6,4.12,17.69,21.02,13.41,5.67,341-7.png,874,850,72.009
0.8,3.31,18.08,19.91,12.83,5.51,341-8.png,877,850,72.009
0.4,4.45,17.55,17.72,14.25,5.41,341-9.png,877,850,72.009
0.6,9.87,18.46,-8.28,11.47,4.51,342-0.png,851,850,72.009
0.3,4.33,17.69,-11.39,13.45,4.27,342-1.png,877,850,72.009
0.0,5.25,20.04,-12.2,13.45,4.5,342-2.png,896,850,72.009
0.5,3.99,13.17,-15.29,13.45,4.48,342-3.png,877,850,72.009
0.0,10.34,19.71,-11.79,13.45,4.47,342-4.png,851,850,72.009
0.0,5.96,15.73,-5.09,13.45,4.66,342-5.png,890,850,72.009
0.3,4.0,16.87,-6.84,12.03,4.46,342-6.png,874,850,72.009
0.0,4.0,19.93,-7.97,13.45,4.38,342-7.png,874,850,72.009
0.8,3.55,16.05,-9.25,13.31,4.56,342-8.png,874,850,72.009
0.0,3.98,21.42,4.42,13.45,3.31,343-0.png,854,850,72.009
0.3,6.04,20.74,6.78,13.45,3.75,343-1.png,877,850,72.009
0.0,8.44,15.7,7.71,13.45,3.4,343-2.png,900,850,72.009
0.0,5.26,18.54,5.62,12.06,3.05,343-3.png,874,850,72.009
-1.0,2.56,19.97,14.46,13.45,3.3,343-4.png,858,850,72.009
0.2,8.17,20.63,9.97,11.46,3.58,343-5.png,893,850,72.009
0.7,6.27,19.54,3.33,13.45,3.98,343-6.png,877,850,72.009
-1.0,6.64,21.05,7.01,13.45,3.35,343-7.png,874,850,72.009
0.6,6.52,20.26,1.41,13.45,4.09,343-8.png,874,850,72.009
0.0,2.12,19.87,9.38,13.45,3.62,344-0.png,851,850,72.009
0.0,2.39,19.5,17.35,13.45,3.66,344-1.png,877,850,72.009
0.2,3.65,20.42,14.63,13.45,3.44,344-10.png,877,850,72.009
0.4,1.67,18.34,17.64,13.45,4.32,344-2.png,896,850,72.009
0.3,0.8,11.59,14.53,13.45,3.63,344-3.png,877,850,72.009
0.0,1.17,17.6,18.05,13.45,3.62,344-4.png,854,850,72.009
0.0,3.78,16.75,19.38,13.45,3.6,344-5.png,900,850,72.009
0.0,0.82,17.88,21.24,13.45,6.26,344-6.png,854,850,72.009
0.2,5.69,14.99,25.76,13.45,6.29,344-7.png,896,850,72.009
0.2,2.62,20.24,11.34,13.45,3.48,344-8.png,877,850,72.009
0.0,1.6,20.5,14.33,13.45,3.64,344-9.png,874,850,72.009
0.2,0.12,17.88,21.92,13.45,6.11,345-0.png,851,850,72.009
0.0,2.39,17.04,21.66,13.45,6.76,345-1.png,877,850,72.009
-1.0,5.11,14.06,20.61,13.45,6.19,345-2.png,900,850,72.009
0.0,2.74,17.92,26.01,13.45,6.44,345-3.png,877,850,72.009
0.0,3.52,18.03,23.76,13.45,6.35,345-4.png,880,850,72.009
0.0,3.42,18.78,20.69,13.45,5.71,345-5.png,877,850,72.009
0.2,2.74,17.14,24.73,13.45,6.79,345-6.png,877,850,72.009
0.3,3.15,17.04,16.88,13.45,5.07,346-0.png,856,850,72.009
0.3,5.38,15.64,15.59,13.45,4.68,346-1.png,874,850,72.009
0.5,7.48,16.43,15.57,13.45,5.41,346-2.png,896,850,72.009
0.9,5.26,15.49,16.48,13.45,5.53,346-3.png,874,850,72.009
0.6,3.16,16.58,16.24,13.45,5.23,346-4.png,854,850,72.009
0.4,6.76,17.28,13.57,13.45,5.29,346-5.png,887,850,72.009
0.0,4.92,18.38,17.36,13.45,4.37,346-6.png,874,850,72.009
0.0,6.16,13.99,15.15,13.45,4.59,346-7.png,877,850,72.009
0.7,5.49,17.44,14.95,13.45,4.61,346-8.png,874,850,72.009
0.0,1.64,18.25,-2.86,13.45,6.35,347-0.png,854,850,72.009
0.4,4.45,18.34,-7.49,13.45,6.15,347-1.png,877,850,72.009
0.3,6.36,18.06,-4.23,13.45,6.41,347-2.png,896,850,72.009
0.5,4.22,16.02,-7.44,13.45,6.0,347-3.png,877,850,72.009
0.5,2.22,16.09,-5.47,13.45,6.23,347-4.png,854,850,72.009
0.2,5.62,18.17,-6.28,13.45,6.42,347-5.png,890,850,72.009
0.1,4.1,36.8,-4.24,13.45,6.05,347-6.png,877,850,72.009
0.2,4.22,15.05,-6.52,13.45,6.47,347-7.png,877,850,72.009
0.0,3.62,33.66,-5.11,13.45,5.82,347-8.png,883,850,72.009
0.0,4.33,19.97,-17.28,13.45,4.19,348-0.png,854,850,72.009
0.0,6.96,17.05,-18.03,13.45,4.03,348-1.png,877,850,72.009
0.1,1.44,13.46,-21.07,13.45,3.94,348-2.png,900,850,72.009
0.0,6.5,20.11,-13.38,13.45,4.2,348-3.png,877,850,72.009
0.0,4.57,18.3,-19.54,13.45,3.99,348-4.png,854,850,72.009
0.2,1.67,20.32,-18.84,13.45,4.03,348-5.png,900,850,72.009
0.3,7.21,20.52,-19.32,13.45,4.1,348-6.png,874,850,72.009
0.2,7.41,16.98,-15.66,13.45,4.69,348-7.png,877,850,72.009
0.3,7.21,20.51,-19.59,13.45,4.08,348-8.png,874,850,72.009
0.4,4.8,21.96,-24.73,12.46,2.52,349-0.png,854,850,72.009
0.3,6.98,22.22,-4.63,12.29,2.41,349-1.png,874,850,72.009
0.0,8.26,21.52,-14.36,13.59,2.35,349-2.png,896,850,72.009
0.0,8.23,22.05,-7.39,11.48,2.51,349-3.png,887,850,72.009
0.0,9.15,0.0,3.38,13.45,4.85,349-4.png,896,850,72.009
0.0,7.21,22.22,0.29,15.87,2.65,349-5.png,874,850,72.009
0.0,10.75,21.52,-0.29,12.7,2.0,349-6.png,912,850,72.009
0.0,7.41,22.22,-7.77,11.41,2.2,349-7.png,877,850,72.009
0.0,4.51,21.16,-12.69,13.23,2.49,349-8.png,864,850,72.009
0.0,0.24,18.25,22.67,13.45,2.7,350-0.png,832,850,72.009
0.0,1.07,20.99,25.21,13.45,2.86,350-1.png,838,850,72.009
0.2,1.37,20.05,18.13,13.45,3.22,350-2.png,874,850,72.009
0.0,0.22,15.7,25.73,13.45,3.26,350-3.png,900,850,72.009
0.0,2.78,19.05,-18.32,13.45,5.6,351-0.png,900,850,72.009
0.4,2.47,19.05,-13.59,13.45,5.64,351-1.png,809,850,72.009
0.0,1.02,18.85,-16.66,13.45,5.69,351-2.png,883,850,72.009
0.0,1.35,22.72,-17.51,13.45,5.07,351-3.png,887,850,72.009
0.0,2.78,18.4,-15.08,13.45,5.64,351-4.png,900,850,72.009
-1.0,1.37,12.52,20.98,13.45,5.19,352-0.png,877,850,72.009
0.0,1.37,19.44,22.16,13.45,4.79,352-1.png,877,850,72.009
0.3,3.46,19.11,25.68,13.45,5.23,352-2.png,896,850,72.009
-1.0,1.37,17.56,23.33,13.45,4.85,352-3.png,874,850,72.009
0.4,3.14,19.22,22.27,13.45,4.94,352-4.png,893,850,72.009
0.0,3.16,17.88,1.74,13.45,4.43,353-0.png,854,850,72.009
0.0,1.37,19.75,-2.51,13.45,4.09,353-1.png,877,850,72.009
0.0,1.2,19.51,3.2,13.45,4.07,353-2.png,835,850,72.009
0.0,0.96,19.37,3.81,13.45,3.97,353-3.png,835,850,72.009
0.0,1.37,19.65,8.54,13.45,3.84,353-4.png,877,850,72.009
0.0,1.35,18.39,-8.87,14.24,5.48,354-0.png,887,850,72.009
0.0,2.81,18.3,-5.72,14.02,5.54,354-1.png,890,850,72.009
0.0,0.0,18.38,-5.26,12.65,5.57,354-2.png,864,850,72.009
0.0,0.23,18.66,-8.77,12.31,5.48,354-3.png,861,850,72.009
0.5,1.25,18.19,-4.49,13.72,5.11,354-4.png,877,850,72.009
0.0,3.63,20.22,7.79,13.45,2.67,355-0.png,854,850,72.009
0.0,0.91,20.46,13.08,13.45,2.94,355-1.png,883,850,72.009
0.0,1.78,16.34,5.92,13.45,2.5,355-2.png,845,850,72.009
0.0,1.42,18.66,-3.82,13.45,2.61,355-3.png,846,850,72.009
0.0,3.46,20.67,7.38,13.45,2.7,355-4.png,896,850,72.009
0.1,8.05,14.36,21.72,13.45,5.39,356-0.png,845,850,72.009
0.3,4.75,12.03,21.5,13.45,5.32,356-1.png,864,850,72.009
0.1,1.39,17.49,0.95,13.45,3.99,357-0.png,863,850,72.009
0.0,1.31,19.58,-2.2,13.45,3.91,357-1.png,841,850,72.009
0.0,1.85,20.4,-0.42,13.45,3.82,357-2.png,864,850,72.009
0.2,9.94,17.06,8.68,13.45,3.91,359-0.png,845,850,72.009
0.0,2.67,15.8,12.23,13.45,4.81,360-0.png,823,850,72.009
0.0,8.48,16.03,-6.57,13.45,6.08,361-0.png,825,850,72.009
0.0,4.78,19.89,6.06,13.45,4.87,362-0.png,837,850,72.009
0.1,3.24,19.46,-3.92,13.45,4.73,363-0.png,864,850,72.009
0.0,7.76,13.8,-18.32,12.75,7.1,364-0.png,825,850,72.009
0.1,3.98,17.75,-5.46,13.45,6.26,364-1.png,880,850,72.009
0.1,3.11,18.81,26.02,13.45,5.57,365-0.png,867,850,72.009
0.0,4.5,18.25,-8.35,13.45,4.04,366-0.png,756,850,72.009
0.5,2.15,20.46,-20.64,13.45,4.1,367-0.png,837,850,72.009
0.4,3.03,20.66,24.99,11.82,3.36,368-0.png,858,850,72.009
0.0,2.27,20.41,-3.03,13.45,4.2,369-0.png,838,850,72.009
0.0,8.86,19.52,-20.05,13.45,5.11,370-0.png,824,850,72.009
0.0,2.96,21.12,11.65,13.75,3.24,371-0.png,777,850,72.009
0.0,5.4,16.3,21.22,13.45,6.17,372-0.png,796,850,72.009
0.0,4.69,17.86,11.6,13.45,3.4,373-0.png,853,850,72.009
0.4,1.43,20.4,18.31,13.45,4.28,375-0.png,837,850,72.009
1.3,9.09,13.26,-5.34,19.9,4.08,376-0.png,858,850,72.009
0.8,0.48,19.2,-4.54,13.45,4.12,377-0.png,841,850,72.009
0.0,8.86,21.16,2.83,12.82,3.57,378-0.png,835,850,72.009
0.2,5.38,20.97,-2.09,13.45,3.68,379-0.png,800,850,72.009
0.0,13.04,20.86,-7.57,13.45,3.71,379-1.png,836,850,72.009
0.0,2.75,20.34,23.71,13.45,4.4,380-0.png,837,850,72.009
0.0,2.43,19.68,21.88,13.45,4.87,380-1.png,823,850,72.009
0.0,0.7,14.39,22.85,13.45,5.06,382-0.png,856,850,72.009
0.8,0.0,12.23,23.46,13.45,4.89,382-1.png,836,850,72.009
0.0,11.42,17.75,-25.88,13.45,3.78,383-0.png,858,850,72.009
0.0,1.79,10.49,-25.53,13.45,3.85,383-1.png,783,850,72.009
0.0,2.49,16.14,7.83,13.45,5.57,384-0.png,883,850,72.009
0.5,1.19,16.58,4.28,13.45,5.9,384-1.png,837,850,72.009
0.3,2.51,16.51,0.33,13.45,6.24,384-2.png,877,850,72.009
0.0,0.92,18.47,4.97,13.45,6.42,384-3.png,866,850,72.009
0.0,1.48,18.66,1.89,13.45,5.96,384-4.png,877,850,72.009
0.4,4.8,18.4,-0.13,12.07,5.87,384-5.png,896,850,72.009
0.4,2.28,18.52,-1.08,13.45,6.08,384-6.png,877,850,72.009
0.6,2.62,13.02,5.34,13.45,5.98,384-7.png,877,850,72.009
0.1,3.19,17.28,3.71,13.45,5.67,384-8.png,877,850,72.009
0.0,0.58,16.71,-0.58,13.45,6.39,384-9.png,867,850,72.009
0.0,2.65,16.12,20.21,13.45,5.58,385-0.png,867,850,72.009
-1.0,10.31,17.02,20.47,13.45,6.67,385-1.png,863,850,72.009
0.0,0.91,15.43,21.77,13.45,5.96,385-2.png,883,850,72.009
0.0,1.35,15.7,22.27,13.45,6.55,385-3.png,887,850,72.009
0.0,1.35,15.95,21.11,13.45,6.0,385-4.png,887,850,72.009
0.0,1.35,19.19,24.11,13.45,5.71,386-0.png,887,850,72.009
0.0,3.21,19.44,16.91,13.45,5.56,386-1.png,904,850,72.009
0.0,9.26,17.4,18.46,13.45,5.5,386-3.png,864,850,72.009
0.0,10.03,19.24,15.1,13.45,5.55,386-4.png,867,850,72.009
0.0,3.21,19.2,22.63,13.45,6.0,386-5.png,904,850,72.009
0.2,3.03,19.05,20.91,13.45,4.37,387-0.png,857,850,72.009
0.0,2.66,19.54,16.27,13.45,4.52,387-1.png,866,850,72.009
0.1,3.35,19.28,24.18,13.45,4.46,387-2.png,895,850,72.009
0.0,2.08,19.65,20.69,13.45,3.81,387-3.png,866,850,72.009
-1.0,1.88,15.34,22.95,12.18,3.8,387-4.png,904,850,72.009
0.0,1.04,18.1,24.78,13.45,3.91,388-0.png,865,850,72.009
0.0,1.43,20.41,25.1,13.45,3.88,388-1.png,906,850,72.009
0.0,1.39,20.28,21.0,13.45,4.41,388-2.png,863,850,72.009
0.0,0.23,19.27,-9.69,13.45,4.92,389-0.png,885,850,72.009
0.0,1.13,19.15,-8.62,13.45,4.69,389-1.png,885,850,72.009
0.0,0.46,20.02,-10.41,13.45,4.37,389-2.png,864,850,72.009
0.0,6.04,14.73,-8.92,13.45,5.0,389-4.png,845,850,72.009
0.0,0.79,19.68,-14.0,13.45,4.7,389-5.png,883,850,72.009
-1.0,1.98,15.66,-1.01,11.72,5.95,390-0.png,858,850,72.009
-1.0,7.2,12.54,2.86,13.45,6.33,390-1.png,833,850,72.009
0.0,1.35,16.33,-5.73,13.45,5.24,390-2.png,887,850,72.009
-1.0,3.46,17.64,2.76,13.45,6.06,390-3.png,896,850,72.009
0.0,1.85,17.32,-1.04,13.45,5.66,390-4.png,867,850,72.009
0.0,3.42,20.69,24.27,12.54,3.3,391-0.png,906,850,72.009
0.0,8.51,19.79,25.1,13.45,3.45,391-1.png,858,850,72.009
0.0,1.35,19.95,23.45,13.45,3.39,391-2.png,887,850,72.009
0.0,1.24,20.07,25.33,11.55,3.43,391-3.png,889,850,72.009
0.0,5.56,20.18,20.73,13.45,3.6,391-4.png,845,850,72.009
0.0,1.35,17.94,10.79,13.45,5.48,392-0.png,887,850,72.009
0.0,1.36,15.56,7.83,13.38,5.71,392-1.png,883,850,72.009
0.0,4.73,17.72,4.94,13.45,5.59,392-2.png,845,850,72.009
-1.0,0.0,16.81,8.44,13.45,4.7,392-3.png,862,850,72.009
0.0,4.69,20.63,-8.61,13.45,3.64,393-0.png,938,850,72.009
0.0,3.15,17.44,-1.41,13.45,4.1,393-1.png,858,850,72.009
0.0,1.36,18.12,7.79,13.45,3.84,393-2.png,883,850,72.009
0.0,1.37,19.58,-1.16,13.45,4.59,393-3.png,877,850,72.009
0.0,3.42,13.99,-5.42,13.45,4.2,393-4.png,906,850,72.009
0.2,5.14,0.0,3.38,13.45,4.85,394-0.png,856,850,72.009
0.0,4.66,22.22,0.29,12.23,2.47,394-1.png,858,850,72.009
0.0,0.22,20.36,-6.78,13.45,4.39,395-0.png,896,850,72.009
0.0,2.54,10.23,18.44,13.45,4.14,396-0.png,866,850,72.009
0.0,2.32,19.05,21.85,13.45,4.85,397-0.png,906,850,72.009
0.0,2.15,18.47,26.17,13.45,5.69,398-0.png,838,850,72.009
0.5,7.01,17.99,-9.03,13.45,5.62,399-0.png,899,850,72.009
0.1,1.63,18.12,10.18,13.45,6.22,400-0.png,858,850,72.009
0.0,5.82,20.38,-18.37,13.45,4.44,401-0.png,877,850,72.009
0.3,4.33,16.53,9.81,13.45,5.71,402-0.png,877,850,72.009
0.1,3.94,19.28,-2.66,13.45,5.0,403-0.png,864,850,72.009
0.0,2.22,19.36,-6.6,13.45,5.2,403-1.png,854,850,72.009
0.0,4.43,20.56,3.47,13.45,3.79,404-0.png,858,850,72.009
0.1,1.52,20.37,-16.88,13.45,4.21,405-0.png,857,850,72.009
0.2,4.78,20.18,-14.55,13.45,4.28,405-1.png,857,850,72.009
0.0,1.75,14.32,-10.63,13.45,5.29,406-0.png,858,850,72.009
0.0,5.32,20.99,2.78,12.0,3.62,407-0.png,883,850,72.009
0.0,7.24,21.16,-1.44,11.65,3.57,408-0.png,898,850,72.009
0.0,2.93,21.06,-4.04,13.45,3.35,408-1.png,853,850,72.009
0.4,3.11,17.67,8.59,13.45,6.61,409-0.png,837,850,72.009
0.1,2.69,17.11,12.51,13.45,6.98,409-1.png,819,850,72.009
0.0,0.66,20.66,-0.63,12.41,3.65,410-0.png,906,850,72.009
0.2,4.08,20.46,13.08,13.27,3.75,411-0.png,883,850,72.009
0.1,1.17,19.37,6.2,14.38,4.97,412-0.png,858,850,72.009
0.0,5.3,20.4,-13.91,13.45,3.8,413-0.png,887,850,72.009
0.0,4.75,19.75,-4.35,13.45,4.26,414-0.png,863,850,72.009
0.0,4.65,19.7,-6.55,12.51,4.59,414-1.png,904,850,72.009
0.0,1.27,19.26,8.29,14.31,4.32,415-0.png,867,850,72.009
0.0,2.51,19.33,7.39,14.21,4.52,415-1.png,877,850,72.009
0.9,4.16,19.13,11.37,13.87,4.37,415-2.png,817,850,72.009
0.0,0.35,19.54,13.67,14.62,4.45,415-3.png,868,850,72.009
0.0,0.0,17.96,17.45,14.42,4.33,415-4.png,859,850,72.009
0.0,1.4,19.01,13.99,13.45,4.49,415-5.png,857,850,72.009
0.0,0.0,17.46,11.76,15.24,4.49,415-6.png,858,850,72.009
0.0,1.87,16.09,13.71,13.45,4.88,416-0.png,855,850,72.009
0.0,6.0,22.08,7.44,12.56,2.4,417-0.png,800,850,72.009
1.0,5.01,17.44,12.13,12.36,3.88,418-0.png,879,850,72.009
0.0,4.2,15.31,18.21,13.45,6.94,419-0.png,880,850,72.009
0.0,13.36,20.55,26.19,13.45,3.28,420-0.png,883,850,72.009
0.0,4.9,8.7,12.69,11.55,2.51,420-1.png,878,850,72.009
0.0,3.95,17.06,21.03,13.45,5.1,421-0.png,885,850,72.009
0.0,4.1,14.36,-7.02,13.45,7.55,422-0.png,879,850,72.009
0.0,9.71,16.18,4.64,13.45,8.29,423-0.png,865,850,72.009
0.1,4.22,16.63,-4.81,13.45,6.44,424-0.png,876,850,72.009
0.0,3.77,15.6,20.29,13.11,4.4,425-0.png,875,850,72.009
0.3,4.45,20.53,18.87,13.45,4.23,426-0.png,877,850,72.009
0.6,2.46,19.84,16.98,13.71,4.26,427-0.png,853,850,72.009
0.1,2.89,20.34,-23.22,13.45,4.19,428-0.png,864,850,72.009
0.1,5.23,19.17,-4.47,11.98,5.26,429-0.png,879,850,72.009
0.0,1.04,17.37,-6.64,13.45,6.27,430-0.png,864,850,72.009
0.0,3.03,17.83,15.98,13.45,4.55,431-0.png,859,850,72.009
0.0,10.37,20.58,21.31,13.45,3.41,432-0.png,858,850,72.009
0.0,3.77,12.7,23.42,15.44,4.74,433-0.png,876,850,72.009
0.1,2.13,15.12,22.66,13.45,3.14,434-0.png,845,850,72.009
0.0,2.73,15.52,6.29,13.45,3.4,435-0.png,878,850,72.009
0.0,3.96,20.28,-24.58,13.45,4.49,436-0.png,859,850,72.009
0.2,4.9,17.35,-6.65,13.45,6.75,439-0.png,877,850,72.009
0.0,3.12,17.7,-4.15,13.45,6.43,439-1.png,865,850,72.009
0.0,6.95,14.14,-4.2,15.75,3.93,440-0.png,835,850,72.009
0.0,2.22,20.4,-2.73,13.45,4.23,441-0.png,857,850,72.009
0.0,3.99,20.16,11.82,13.45,4.4,442-0.png,877,850,72.009
0.3,2.68,19.8,10.44,13.45,4.54,442-1.png,857,850,72.009
0.0,4.9,18.98,17.64,13.45,5.41,443-0.png,877,850,72.009
0.2,5.5,18.61,21.03,13.45,5.71,443-1.png,837,850,72.009
0.1,12.5,20.16,3.28,13.45,3.88,444-0.png,864,850,72.009
0.0,9.94,20.15,-1.03,13.45,4.12,444-1.png,845,850,72.009
0.5,7.18,20.11,8.9,13.45,3.41,445-0.png,877,850,72.009
0.0,10.18,21.21,-2.72,13.45,3.34,445-1.png,835,850,72.009
0.1,3.42,17.23,9.61,13.45,6.63,446-0.png,877,850,72.009
0.5,3.46,16.51,8.13,13.45,6.86,446-1.png,837,850,72.009
0.2,2.8,18.09,-2.65,13.45,6.0,447-0.png,857,850,72.009
-1.0,1.31,19.65,-10.68,13.45,5.4,447-1.png,837,850,72.009
0.1,5.78,20.05,-11.65,13.45,4.16,448-0.png,883,850,72.009
0.8,5.95,20.31,-5.92,13.45,4.15,448-1.png,857,850,72.009
0.0,3.98,18.64,18.7,13.45,6.1,449-0.png,854,850,72.009
0.2,8.28,18.64,17.1,13.45,5.95,449-1.png,857,850,72.009
0.4,1.4,19.47,-14.53,14.17,4.44,450-0.png,857,850,72.009
1.5,4.79,13.3,-14.4,12.87,4.36,450-1.png,877,850,72.009
0.1,4.28,10.17,10.71,13.45,6.0,451-0.png,887,850,72.009
0.0,1.07,18.29,12.66,13.45,5.86,451-1.png,839,850,72.009
0.9,5.81,19.34,-8.75,13.45,5.23,452-0.png,878,850,72.009
0.0,5.93,18.99,-7.26,13.45,5.5,452-1.png,877,850,72.009
1.2,10.59,18.52,-1.37,13.45,5.64,453-0.png,859,850,72.009
0.0,6.21,17.94,2.66,13.45,5.88,453-1.png,837,850,72.009
0.0,1.24,20.37,7.92,13.45,4.09,454-0.png,885,850,72.009
0.0,3.55,19.58,10.63,13.45,4.28,454-1.png,902,850,72.009
0.3,3.33,20.46,7.04,13.45,4.3,454-2.png,900,850,72.009
0.0,1.36,20.34,2.88,13.45,4.27,454-3.png,883,850,72.009
0.0,1.14,17.05,9.53,13.45,4.46,454-4.png,881,850,72.009
0.0,1.02,16.98,13.99,13.45,5.36,455-0.png,884,850,72.009
-1.0,3.55,18.11,7.71,13.45,6.27,455-1.png,902,850,72.009
0.2,3.55,18.95,3.99,13.45,5.68,455-2.png,902,850,72.009
1.0,3.66,18.09,7.16,13.45,6.66,455-3.png,902,850,72.009
0.0,3.55,14.66,15.91,13.45,6.19,455-4.png,901,850,72.009
0.8,3.56,15.61,14.8,14.91,4.61,456-0.png,900,850,72.009
0.0,5.62,29.28,22.1,15.32,5.19,456-1.png,926,850,72.009
0.1,3.65,21.94,20.97,16.08,5.2,456-2.png,904,850,72.009
0.0,1.35,17.67,20.1,16.11,5.36,456-3.png,887,850,72.009
1.8,1.47,15.07,19.39,15.4,5.14,456-4.png,882,850,72.009
0.1,1.48,12.66,20.9,13.45,11.08,457-0.png,881,850,72.009
0.2,9.22,19.26,-16.54,13.45,4.53,458-0.png,900,850,72.009
0.0,8.78,16.16,-23.77,13.45,3.59,458-1.png,900,850,72.009
0.0,2.55,12.87,-21.49,13.45,4.23,458-2.png,901,850,72.009
0.0,4.89,9.13,14.9,12.73,5.61,459-0.png,900,850,72.009
0.0,1.56,19.27,23.58,12.83,5.16,460-0.png,900,850,72.009
-1.0,0.8,5.29,20.73,13.45,6.33,461-0.png,878,850,72.009
0.0,0.0,19.52,18.47,13.45,4.51,462-0.png,909,850,72.009
0.0,5.01,22.1,-21.71,13.45,2.34,463-0.png,878,850,72.009
0.0,3.61,18.24,-7.85,15.55,4.04,464-0.png,858,850,72.009
0.0,6.14,18.52,16.68,13.85,5.53,465-0.png,879,850,72.009
0.0,5.12,29.56,11.15,13.45,4.98,466-0.png,879,850,72.009
0.0,5.61,0.0,3.38,13.45,4.85,467-0.png,909,850,72.009
-1.0,3.41,18.43,23.32,13.45,5.17,468-0.png,879,850,72.009
0.0,2.5,17.99,-13.31,13.45,5.68,469-0.png,920,850,72.009
0.0,4.0,20.51,19.36,13.0,3.61,470-0.png,899,850,72.009
0.0,0.23,18.19,5.69,13.45,6.17,471-0.png,877,850,72.009
0.0,0.34,14.15,-7.32,13.45,6.74,472-0.png,878,850,72.009
0.0,2.65,19.82,22.23,13.45,3.79,473-0.png,867,850,72.009
0.0,1.55,14.81,20.49,13.45,4.06,474-0.png,906,850,72.009
0.0,2.79,14.85,13.47,13.45,3.46,475-0.png,859,850,72.009
0.0,5.3,18.9,-12.88,13.45,4.66,476-0.png,905,850,72.009
0.0,1.51,13.68,-9.49,13.45,6.6,477-0.png,859,850,72.009
-1.0,3.53,12.74,5.11,13.45,6.56,478-0.png,877,850,72.009
0.0,8.07,20.81,-5.6,12.15,3.77,479-0.png,929,850,72.009
0.0,4.33,17.11,15.89,13.45,6.0,480-0.png,877,850,72.009
0.5,5.57,15.7,7.36,13.45,6.77,480-1.png,898,850,72.009
0.0,4.33,20.51,-6.33,13.45,3.93,481-0.png,877,850,72.009
0.0,4.45,20.11,2.99,13.45,4.25,481-1.png,877,850,72.009
0.0,4.12,20.5,20.91,14.75,4.07,482-0.png,897,850,72.009
0.1,0.0,21.12,22.95,14.56,3.62,482-1.png,906,850,72.009
0.0,8.44,19.36,24.69,13.45,5.0,483-0.png,877,850,72.009
0.0,6.06,17.75,24.46,12.08,4.75,483-1.png,908,850,72.009
0.1,6.59,19.81,7.5,13.45,4.67,484-0.png,880,850,72.009
0.0,6.81,21.6,3.7,13.45,3.24,484-1.png,867,850,72.009
0.0,0.0,9.95,6.44,13.45,6.23,485-0.png,883,850,72.009
-1.0,0.33,19.61,-15.41,13.45,4.34,486-0.png,898,850,72.009
-1.0,4.31,17.28,-8.89,13.45,4.32,486-1.png,858,850,72.009
0.3,5.79,15.72,12.36,13.45,5.21,487-0.png,898,850,72.009
-1.0,3.65,18.56,-1.28,11.84,5.21,487-1.png,877,850,72.009
0.8,4.33,20.58,-4.06,13.45,3.94,488-0.png,877,850,72.009
0.3,5.8,20.95,-0.29,13.45,3.68,488-1.png,897,850,72.009
0.0,0.0,16.67,-24.47,13.45,4.9,489-0.png,908,850,72.009
0.0,4.04,19.49,-24.91,13.45,4.99,489-1.png,867,850,72.009
0.0,4.17,19.31,24.63,13.45,4.97,490-0.png,863,850,72.009
0.0,12.54,17.89,25.58,13.45,3.88,490-1.png,877,850,72.009
0.0,4.08,19.12,15.36,13.45,5.29,491-0.png,883,850,72.009
0.0,0.0,17.28,2.58,13.45,5.22,491-1.png,900,850,72.009
0.0,3.72,20.31,11.08,13.45,4.64,492-0.png,887,850,72.009
0.0,1.4,19.84,13.53,13.45,4.97,492-1.png,858,850,72.009
0.0,3.98,19.8,-6.24,11.7,4.76,493-0.png,879,850,72.009
0.0,7.35,20.22,-3.08,13.45,4.44,493-1.png,898,850,72.009
0.0,0.65,20.67,-8.29,14.41,3.77,494-0.png,925,850,72.009
0.0,4.19,20.16,-3.19,12.28,3.74,494-1.png,884,850,72.009
0.0,3.42,15.87,5.3,13.45,3.35,495-0.png,906,850,72.009
0.0,3.74,19.93,1.58,13.45,3.26,495-1.png,909,850,72.009
0.0,3.31,19.84,2.96,13.45,3.12,495-2.png,905,850,72.009
0.0,3.53,16.42,16.86,14.07,5.88,496-0.png,907,850,72.009
0.0,3.42,14.97,16.47,14.07,6.38,496-1.png,906,850,72.009
0.0,5.3,12.4,10.78,16.49,5.8,496-2.png,924,850,72.009
0.0,0.34,17.83,13.83,16.43,5.63,496-3.png,887,850,72.009
0.0,4.32,15.87,-1.85,13.45,8.58,497-0.png,925,850,72.009
0.2,3.34,15.72,-5.11,13.45,8.77,497-1.png,898,850,72.009
0.0,1.24,15.92,-6.05,13.45,8.7,497-2.png,889,850,72.009
0.1,3.54,15.52,-8.56,13.45,8.58,497-3.png,903,850,72.009
0.3,6.55,18.91,-18.58,13.45,5.48,498-0.png,840,850,72.009
0.3,3.34,18.64,-23.23,13.45,5.69,498-1.png,897,850,72.009
0.0,1.35,19.49,-24.0,13.45,5.29,498-2.png,887,850,72.009
0.0,1.35,19.27,-22.67,13.45,5.57,498-3.png,887,850,72.009
0.0,0.43,17.28,-18.86,13.45,5.5,498-4.png,926,850,72.009
0.0,0.23,17.84,9.49,14.03,6.62,499-0.png,887,850,72.009
0.2,2.8,17.78,13.05,12.07,6.26,500-0.png,858,850,72.009
0.0,0.23,14.87,24.4,13.45,5.97,501-0.png,877,850,72.009
0.0,0.34,20.81,-10.16,13.45,3.49,502-0.png,878,850,72.009
0.0,8.59,16.89,-2.12,13.45,4.76,503-0.png,838,850,72.009
0.0,8.95,19.84,24.64,13.45,4.62,504-0.png,838,850,72.009
-1.0,3.81,16.51,7.09,12.2,4.58,505-0.png,840,850,72.009
0.0,3.34,16.93,3.82,13.45,7.15,506-0.png,868,850,72.009
0.0,0.34,14.16,-7.49,13.45,6.56,508-0.png,878,850,72.009
0.0,1.94,9.23,18.49,13.45,7.8,509-0.png,877,850,72.009
0.0,4.2,17.28,-5.13,11.92,4.79,510-0.png,858,850,72.009
0.0,4.17,17.38,23.13,13.45,4.32,511-0.png,864,850,72.009
0.0,0.23,19.1,6.85,11.49,5.24,512-0.png,887,850,72.009
-1.0,3.15,17.59,15.63,13.45,6.5,513-0.png,858,850,72.009
-1.0,3.38,14.64,13.42,13.45,7.12,513-1.png,858,850,72.009
0.2,1.07,20.04,21.46,16.99,3.36,514-0.png,839,850,72.009
0.0,0.34,12.4,-3.09,13.45,5.39,514-1.png,884,850,72.009
0.0,0.34,15.27,0.66,13.45,5.79,515-0.png,888,850,72.009
0.0,2.19,19.29,-2.63,13.47,3.86,516-0.png,867,850,72.009
0.0,7.43,16.58,-9.33,13.45,5.66,517-0.png,848,850,72.009
0.0,1.31,17.33,-2.67,13.45,4.48,518-0.png,838,850,72.009
0.0,0.23,15.58,22.9,13.45,5.57,519-0.png,887,850,72.009
2.1,0.12,16.4,19.01,13.45,4.79,520-0.png,839,850,72.009
0.0,2.38,7.58,15.84,13.45,6.16,521-0.png,883,850,72.009
0.1,3.12,16.09,-16.68,13.45,6.27,522-0.png,864,850,72.009
0.0,2.79,9.99,1.49,13.45,5.2,523-0.png,859,850,72.009
0.0,3.61,16.58,24.74,13.45,5.47,524-0.png,859,850,72.009
0.0,6.96,15.74,23.84,13.45,5.89,525-0.png,819,850,72.009
0.2,2.45,16.34,22.25,13.45,6.64,526-0.png,858,850,72.009
0.2,4.21,19.8,20.83,12.83,4.66,527-0.png,878,850,72.009
0.0,6.93,15.05,23.21,13.45,4.1,527-1.png,823,850,72.009
0.4,3.26,18.69,-7.09,13.45,5.75,528-0.png,858,850,72.009
0.0,4.57,18.69,18.08,13.45,3.75,529-0.png,809,850,72.009
0.2,3.5,16.7,14.6,13.45,4.23,530-0.png,858,850,72.009
0.0,7.0,17.46,-6.31,13.45,5.48,531-0.png,829,850,72.009
0.0,0.36,19.44,-25.71,13.45,4.48,532-0.png,838,850,72.009
0.0,4.72,19.95,-0.73,13.45,4.14,533-0.png,847,850,72.009
0.1,4.05,18.14,14.89,13.45,4.01,534-0.png,864,850,72.009
0.0,5.34,19.47,21.1,11.14,5.24,535-0.png,880,850,72.009
0.0,7.38,16.07,21.11,13.45,6.23,536-0.png,826,850,72.009
0.0,3.51,15.73,13.58,12.3,4.25,537-0.png,883,850,72.009
0.0,4.96,19.47,-3.55,13.45,5.2,538-0.png,887,850,72.009
0.0,4.06,13.7,-12.3,13.45,4.32,539-0.png,887,850,72.009
0.0,1.38,20.33,16.64,13.45,3.58,540-0.png,868,850,72.009
0.0,3.83,18.87,3.07,11.62,5.24,541-0.png,887,850,72.009
0.2,7.55,14.96,-3.84,13.45,5.74,542-0.png,848,850,72.009
0.4,2.51,15.52,-6.96,13.0,6.35,542-1.png,797,850,72.009
0.0,6.04,21.75,-18.41,13.45,2.47,543-0.png,877,850,72.009
0.1,4.85,20.31,10.32,13.45,4.16,544-0.png,887,850,72.009
0.0,10.74,18.83,7.5,13.76,4.82,544-1.png,857,850,72.009
0.0,10.31,17.68,14.4,14.48,4.37,544-2.png,863,850,72.009
0.0,12.8,17.59,8.02,14.2,3.89,544-3.png,883,850,72.009
0.0,11.89,15.34,11.91,13.85,4.19,544-4.png,883,850,72.009
0.0,3.92,7.32,-23.59,13.45,5.86,545-0.png,867,850,72.009
0.0,2.77,8.47,-25.12,13.45,5.64,545-1.png,866,850,72.009
0.0,7.55,10.49,-21.07,13.45,8.18,545-2.png,887,850,72.009
0.0,4.98,8.2,-20.97,13.45,5.58,545-3.png,864,850,72.009
0.0,8.27,12.78,18.06,13.45,5.58,546-0.png,846,850,72.009
0.0,4.85,16.63,15.25,13.45,5.42,546-1.png,887,850,72.009
0.0,9.1,19.47,11.13,13.45,4.82,546-2.png,846,850,72.009
0.0,3.0,17.72,15.41,12.66,4.61,546-3.png,868,850,72.009
0.0,4.96,16.83,18.86,14.67,4.95,546-4.png,887,850,72.009
0.0,3.23,13.76,16.01,13.45,5.76,547-0.png,866,850,72.009
0.1,4.27,14.18,18.59,13.45,5.19,547-1.png,843,850,72.009
0.0,3.9,14.71,20.27,13.45,4.75,547-2.png,846,850,72.009
0.0,3.61,15.39,18.35,13.45,4.9,547-3.png,887,850,72.009
0.0,3.92,12.89,17.1,13.45,4.52,547-4.png,867,850,72.009
0.0,9.58,20.87,0.68,13.45,3.3,548-0.png,866,850,72.009
0.0,9.46,12.9,9.67,12.56,2.97,548-1.png,867,850,72.009
0.0,10.5,21.11,10.59,13.45,3.06,548-2.png,867,850,72.009
0.0,10.5,21.16,-1.26,13.45,3.05,548-3.png,867,850,72.009
0.0,6.22,26.1,0.57,12.26,3.39,548-4.png,916,850,72.009
0.0,9.23,19.71,12.31,13.45,4.8,549-0.png,845,850,72.009
0.0,3.99,19.81,17.3,11.94,5.38,549-1.png,877,850,72.009
0.0,5.19,20.22,14.41,11.98,4.48,549-2.png,887,850,72.009
0.0,5.21,20.34,10.55,13.45,4.36,549-3.png,883,850,72.009
0.0,1.73,20.61,13.05,12.69,4.44,549-4.png,867,850,72.009
0.0,2.89,16.86,7.89,13.45,3.85,550-0.png,866,850,72.009
0.0,6.09,15.24,8.83,13.45,4.76,550-1.png,887,850,72.009
0.0,4.61,17.34,2.44,13.45,3.85,550-2.png,867,850,72.009
0.0,6.43,16.3,-6.78,13.45,3.58,550-3.png,887,850,72.009
0.0,6.54,21.28,4.05,13.45,3.43,550-4.png,887,850,72.009
0.0,4.55,18.75,6.53,13.45,2.9,551-0.png,858,850,72.009
0.5,7.8,21.47,19.01,13.03,2.68,551-1.png,897,850,72.009
0.3,4.55,16.49,16.0,12.15,2.68,551-2.png,857,850,72.009
0.0,4.1,21.77,18.38,12.14,2.67,551-3.png,877,850,72.009
0.0,1.13,21.52,10.77,13.45,2.97,551-4.png,887,850,72.009
0.0,8.52,21.52,6.14,11.67,2.95,551-5.png,904,850,72.009
0.0,7.67,21.75,7.21,11.81,2.95,551-6.png,900,850,72.009
0.2,4.78,15.72,-0.05,13.45,3.06,551-7.png,878,850,72.009
0.1,8.72,21.34,17.34,11.78,3.29,551-8.png,906,850,72.009
0.0,6.38,21.32,10.35,12.5,2.88,551-9.png,878,850,72.009
0.1,3.47,20.52,-10.63,13.45,4.23,552-0.png,864,850,72.009
1.2,5.81,19.61,-13.93,13.45,4.67,552-1.png,878,850,72.009
0.0,3.59,19.95,-2.83,13.45,4.7,552-2.png,864,850,72.009
0.6,6.04,20.32,-6.86,13.45,4.59,552-3.png,877,850,72.009
0.0,4.05,20.11,-6.54,13.45,4.55,552-4.png,864,850,72.009
0.0,5.64,20.28,-2.71,13.45,4.4,552-5.png,886,850,72.009
0.4,6.61,20.46,-2.93,13.45,4.34,552-6.png,878,850,72.009
0.0,4.97,19.17,-8.39,13.45,5.29,552-7.png,885,850,72.009
1.3,6.39,19.05,-18.08,13.45,4.41,552-8.png,877,850,72.009
0.1,3.67,17.91,-13.67,13.45,4.43,552-9.png,844,850,72.009
0.3,3.26,18.64,23.42,13.45,5.97,553-0.png,858,850,72.009
0.2,2.31,19.0,21.47,13.45,5.22,553-1.png,864,850,72.009
0.0,0.23,14.99,23.48,13.45,4.96,554-0.png,887,850,72.009
0.0,3.37,18.07,18.78,13.45,5.41,555-0.png,860,850,72.009
0.0,2.68,16.75,10.49,13.45,5.47,555-1.png,857,850,72.009
0.0,3.0,12.89,21.99,13.45,5.11,555-2.png,867,850,72.009
0.4,0.0,16.23,26.57,13.45,4.23,556-0.png,877,850,72.009
1.6,2.21,12.92,22.86,13.45,5.61,558-0.png,858,850,72.009
0.3,1.96,20.71,-7.11,13.45,4.01,559-0.png,867,850,72.009
0.1,1.38,20.71,-9.81,13.45,3.55,559-1.png,867,850,72.009
0.0,9.35,20.5,-11.41,13.45,4.0,560-0.png,845,850,72.009
0.2,5.19,17.34,-16.05,13.45,3.99,560-1.png,887,850,72.009
0.0,5.44,12.74,-12.19,13.45,6.11,561-0.png,845,850,72.009
0.0,1.93,13.05,-6.45,13.45,5.95,561-1.png,883,850,72.009
0.2,3.03,20.55,15.45,15.13,3.44,562-0.png,857,850,72.009
0.2,5.13,17.81,22.75,15.51,3.53,562-1.png,877,850,72.009
0.0,5.54,18.59,19.05,13.45,5.64,563-0.png,885,850,72.009
0.2,3.02,17.02,21.22,13.45,5.58,563-1.png,861,850,72.009
0.0,9.14,17.32,23.74,14.43,4.93,564-0.png,864,850,72.009
0.0,2.3,17.64,25.25,13.45,3.86,565-0.png,868,850,72.009
0.0,4.78,19.93,24.8,13.45,4.81,566-0.png,879,850,72.009
0.1,4.51,16.43,-6.69,13.45,5.17,567-0.png,887,850,72.009
0.1,3.72,14.42,-6.16,13.45,5.33,567-1.png,887,850,72.009
0.2,3.53,16.9,-9.06,13.45,5.24,567-2.png,877,850,72.009
0.1,2.73,18.62,-2.7,13.45,5.0,567-3.png,878,850,72.009
0.4,3.23,17.99,0.5,13.45,5.82,567-4.png,898,850,72.009
0.0,3.42,18.34,-5.53,13.45,5.44,567-5.png,877,850,72.009
0.3,3.66,18.27,13.39,13.45,6.04,568-0.png,819,850,72.009
0.0,5.89,13.76,9.52,13.45,3.56,569-0.png,883,850,72.009
0.3,2.33,15.52,11.88,13.45,6.79,570-0.png,857,850,72.009
0.4,5.47,16.3,11.93,13.45,3.7,571-0.png,877,850,72.009
0.1,3.96,19.68,3.09,11.98,4.83,572-0.png,884,850,72.009
0.0,11.19,18.69,-7.06,13.45,2.99,573-0.png,858,850,72.009
0.0,5.47,17.7,-7.11,12.62,3.41,574-0.png,878,850,72.009
0.3,1.94,16.88,-7.59,13.43,5.42,575-0.png,877,850,72.009
0.0,3.93,21.37,-21.19,13.45,3.01,576-0.png,866,850,72.009
0.0,4.96,16.84,14.7,13.45,6.56,577-0.png,887,850,72.009
0.0,6.17,15.99,-5.58,13.45,8.64,577-1.png,827,850,72.009
0.4,3.26,17.76,23.71,14.62,4.18,578-0.png,859,850,72.009
0.0,4.28,18.55,18.98,15.75,3.95,579-0.png,887,850,72.009
0.2,3.73,19.4,8.99,13.45,4.98,580-0.png,858,850,72.009
0.5,6.9,14.67,19.96,13.45,5.47,581-0.png,898,850,72.009
0.0,2.65,16.18,-7.65,13.45,5.53,582-0.png,868,850,72.009
0.0,1.96,16.4,-7.61,13.45,5.92,582-1.png,868,850,72.009
0.0,3.83,9.58,-10.04,13.45,6.35,582-2.png,887,850,72.009
0.0,3.51,18.2,-10.82,13.45,6.53,582-3.png,883,850,72.009
0.0,7.78,16.46,-10.69,13.45,6.24,582-4.png,848,850,72.009
0.1,0.95,15.48,13.64,13.45,6.15,583-0.png,844,850,72.009
0.0,3.12,15.04,16.41,13.45,6.49,583-1.png,866,850,72.009
0.0,3.88,16.23,17.99,13.45,6.57,583-2.png,877,850,72.009
0.0,2.53,11.2,22.44,13.45,6.67,583-3.png,868,850,72.009
0.0,2.56,14.81,18.99,13.45,6.39,583-4.png,858,850,72.009
0.0,1.82,18.22,5.54,13.45,4.99,584-0.png,877,850,72.009
0.0,8.0,16.36,3.04,13.45,5.06,584-1.png,863,850,72.009
0.0,1.91,16.07,5.98,13.45,5.04,584-2.png,888,850,72.009
0.0,1.8,18.8,2.88,13.25,4.62,584-3.png,887,850,72.009
0.0,6.34,16.53,6.26,13.45,4.93,584-4.png,867,850,72.009
0.0,5.02,13.11,-8.35,13.45,5.75,585-0.png,877,850,72.009
0.0,3.11,18.43,-9.79,13.45,5.79,585-1.png,867,850,72.009
0.0,5.35,18.9,-10.51,13.45,5.71,585-2.png,878,850,72.009
0.0,3.5,15.97,-12.51,13.45,5.97,585-3.png,886,850,72.009
0.2,4.33,13.84,-13.69,13.45,6.26,585-4.png,877,850,72.009
0.0,5.86,11.19,10.37,13.45,5.2,586-0.png,887,850,72.009
0.0,4.91,8.97,-2.5,13.45,4.94,586-1.png,875,850,72.009
1.4,5.93,14.32,2.41,13.45,5.33,586-2.png,877,850,72.009
0.0,5.02,16.37,11.17,13.45,6.43,586-3.png,877,850,72.009
0.0,6.05,17.72,-0.92,13.45,4.28,587-0.png,843,850,72.009
0.1,11.19,20.11,-0.67,13.45,4.27,587-1.png,858,850,72.009
0.0,10.97,16.28,3.77,13.45,4.78,587-2.png,866,850,72.009
0.0,6.24,19.75,-2.33,13.45,4.59,587-3.png,817,850,72.009
0.4,8.05,20.34,-7.45,13.45,4.0,588-0.png,894,850,72.009
0.0,6.78,20.22,-5.8,14.64,3.96,588-1.png,900,850,72.009
0.6,5.58,20.31,-7.57,14.16,3.8,588-2.png,878,850,72.009
0.5,5.93,19.97,-4.31,14.31,3.97,588-3.png,877,850,72.009
0.6,5.94,20.11,-5.73,13.43,3.48,588-4.png,876,850,72.009
0.0,9.85,20.53,-2.0,13.67,3.71,588-5.png,914,850,72.009
0.0,3.58,20.34,-6.33,13.08,3.35,588-6.png,865,850,72.009
0.0,5.65,20.76,-0.94,13.79,3.53,588-7.png,885,850,72.009
0.2,5.36,20.77,-5.39,13.45,3.7,588-8.png,877,850,72.009
0.5,6.04,20.41,-7.73,13.45,3.66,588-9.png,877,850,72.009
0.0,1.77,20.28,13.88,13.26,3.18,589-0.png,846,850,72.009
0.0,3.73,20.69,23.17,13.45,3.76,590-0.png,858,850,72.009
0.0,6.09,19.25,22.55,13.45,4.97,591-0.png,887,850,72.009
0.0,7.84,14.07,11.4,13.45,4.51,592-0.png,906,850,72.009
0.5,7.56,15.38,-14.58,13.45,5.16,593-0.png,900,850,72.009
0.1,3.95,18.87,18.82,13.45,4.78,594-0.png,887,850,72.009
0.0,6.67,19.81,14.33,13.45,4.08,595-0.png,900,850,72.009
0.0,4.07,15.87,-6.65,13.45,8.57,596-0.png,885,850,72.009
0.2,6.33,14.11,-1.44,13.45,4.87,597-0.png,900,850,72.009
0.8,4.88,18.62,16.9,13.45,5.29,598-0.png,881,850,72.009
0.0,7.06,19.71,16.56,13.45,4.64,598-1.png,907,850,72.009
0.2,5.52,17.46,-15.95,13.45,4.84,599-0.png,887,850,72.009
0.2,8.85,19.67,-10.12,13.45,4.83,599-1.png,847,850,72.009
0.2,7.11,17.81,16.96,12.79,3.1,600-0.png,900,850,72.009
0.0,3.49,19.15,20.74,13.45,5.26,601-0.png,889,850,72.009
2.1,1.25,16.68,3.47,13.45,5.37,602-0.png,878,850,72.009
0.0,5.8,18.69,20.06,12.89,5.16,603-0.png,879,850,72.009
0.4,0.44,18.91,-6.03,13.45,6.26,604-0.png,899,850,72.009
0.1,5.82,16.58,25.66,13.45,3.72,605-0.png,877,850,72.009
0.4,5.46,20.21,-9.83,13.45,4.14,606-0.png,879,850,72.009
0.5,5.47,14.85,-1.69,13.45,4.56,607-0.png,878,850,72.009
0.4,8.11,15.87,-9.0,13.45,5.0,608-0.png,900,850,72.009
0.6,0.35,12.28,13.23,13.98,6.34,609-0.png,859,850,72.009
0.5,4.07,14.29,1.25,13.45,4.31,610-0.png,859,850,72.009
0.0,1.67,0.0,-9.46,10.58,8.58,611-0.png,958,850,72.009
0.0,3.74,20.39,-2.92,14.52,3.01,612-0.png,883,850,72.009
0.0,6.28,21.11,-19.8,13.03,3.07,613-0.png,908,850,72.009
0.0,2.28,20.42,-23.42,13.34,4.1,614-0.png,877,850,72.009
0.0,3.01,20.6,-12.97,13.45,4.01,615-0.png,897,850,72.009
0.0,3.96,17.13,6.13,13.45,7.23,616-0.png,883,850,72.009
0.3,5.25,16.03,-9.73,12.12,5.7,617-0.png,877,850,72.009
0.2,7.8,19.4,15.81,13.45,4.8,618-0.png,898,850,72.009
0.0,4.06,20.26,-5.4,13.45,4.23,619-0.png,887,850,72.009
0.0,4.96,12.54,26.0,13.45,5.97,620-0.png,887,850,72.009
0.1,6.27,17.58,-10.71,13.45,3.49,621-0.png,877,850,72.009
0.0,5.44,17.89,-18.77,13.45,3.99,622-0.png,882,850,72.009
0.0,7.25,21.02,14.54,13.49,2.98,623-0.png,896,850,72.009
0.0,7.46,18.4,-0.95,12.42,6.06,624-0.png,898,850,72.009
0.0,5.25,18.84,26.41,13.45,6.06,625-0.png,877,850,72.009
0.0,4.3,15.7,-0.45,13.45,5.78,626-0.png,883,850,72.009
0.0,2.43,16.63,12.16,13.72,4.56,627-0.png,907,850,72.009
0.0,5.64,18.99,13.81,13.03,5.02,628-0.png,887,850,72.009
0.0,6.39,16.68,-23.24,13.45,4.88,629-0.png,907,850,72.009
0.0,2.77,18.39,-12.2,13.45,3.93,630-0.png,865,850,72.009
0.0,2.94,16.26,24.88,13.45,6.82,631-0.png,884,850,72.009
0.2,0.93,20.72,-0.99,13.45,3.58,632-0.png,858,850,72.009
0.0,10.14,10.76,26.57,13.45,4.37,633-0.png,937,850,72.009
0.3,4.67,14.46,23.78,13.45,6.53,634-0.png,900,850,72.009
-1.0,0.8,14.29,20.89,13.45,6.44,634-1.png,877,850,72.009
0.0,5.12,14.64,24.45,13.45,5.94,634-2.png,898,850,72.009
0.1,3.21,17.77,23.08,13.45,5.88,634-3.png,904,850,72.009
-1.0,1.71,10.65,23.98,13.45,6.41,634-4.png,877,850,72.009
0.1,2.15,14.5,23.04,13.45,6.35,634-5.png,883,850,72.009
0.8,2.5,13.72,21.77,13.45,6.23,634-6.png,879,850,72.009
0.2,2.28,13.69,19.5,13.45,5.92,634-7.png,877,850,72.009
0.0,4.1,13.33,18.56,13.45,6.19,634-8.png,879,850,72.009
0.4,4.45,20.22,-3.69,13.45,4.0,635-0.png,877,850,72.009
0.4,8.62,20.28,-0.09,13.45,4.09,635-1.png,916,850,72.009
0.1,6.42,18.77,11.87,13.45,4.27,635-2.png,904,850,72.009
0.1,2.44,16.83,5.38,13.45,3.92,635-3.png,860,850,72.009
0.1,4.65,20.26,7.38,11.77,3.66,635-4.png,881,850,72.009
0.6,7.25,19.84,1.04,13.45,4.15,635-5.png,896,850,72.009
0.3,4.68,20.75,-3.69,13.45,3.6,635-6.png,877,850,72.009
0.5,5.13,16.93,6.98,13.45,3.2,635-7.png,877,850,72.009
0.1,4.62,17.69,-3.88,13.45,3.96,635-8.png,887,850,72.009
0.0,8.72,17.9,4.89,12.02,4.84,635-9.png,929,850,72.009
0.4,2.8,18.49,15.38,13.45,6.22,636-0.png,858,850,72.009
0.5,4.67,16.3,8.04,13.45,3.17,637-0.png,878,850,72.009
0.1,8.64,20.15,23.49,14.95,4.05,638-0.png,845,850,72.009
0.1,0.58,17.74,7.16,13.45,4.89,639-0.png,864,850,72.009
0.0,2.43,14.88,21.3,13.45,6.92,640-0.png,864,850,72.009
0.8,5.46,19.69,-10.75,13.45,4.84,641-0.png,879,850,72.009
0.1,4.97,14.4,-1.2,13.45,7.91,642-0.png,885,850,72.009
0.0,3.71,14.93,-2.14,13.45,9.38,643-0.png,889,850,72.009
0.1,2.8,18.19,25.43,13.45,6.25,644-0.png,858,850,72.009
0.0,3.94,19.64,22.87,13.45,4.72,645-0.png,864,850,72.009
0.0,2.45,16.38,19.17,13.45,6.45,648-0.png,858,850,72.009
0.0,1.1,13.44,22.46,13.45,6.72,649-0.png,817,850,72.009
0.6,1.63,15.83,-5.37,13.45,4.2,650-0.png,858,850,72.009
0.0,4.17,13.11,-2.89,13.53,4.89,651-0.png,887,850,72.009
0.0,6.26,20.39,-7.16,13.45,3.91,652-0.png,879,850,72.009
0.0,5.41,21.23,19.58,13.45,3.35,653-0.png,887,850,72.009
0.6,3.53,16.05,14.44,13.45,5.01,654-0.png,879,850,72.009
0.1,1.5,50.65,26.25,13.45,5.73,655-0.png,866,850,72.009
0.0,8.22,19.32,2.66,13.45,4.59,658-0.png,864,850,72.009
0.2,3.97,18.95,5.46,13.45,4.82,658-1.png,857,850,72.009
0.0,1.09,17.67,21.75,13.45,6.88,659-0.png,823,850,72.009
0.3,5.33,17.17,-0.81,13.45,7.12,660-0.png,881,850,72.009
0.0,4.33,14.61,20.84,13.45,9.26,661-0.png,877,850,72.009
0.3,4.67,20.58,25.13,13.45,4.1,662-0.png,878,850,72.009
0.0,0.47,16.88,9.72,13.45,6.39,663-0.png,846,850,72.009
0.1,2.09,16.28,9.98,13.45,4.59,664-0.png,860,850,72.009
0.3,2.92,13.16,16.23,13.45,5.78,665-0.png,857,850,72.009
0.0,0.0,16.83,15.31,13.45,5.35,666-0.png,880,850,72.009
0.0,0.34,19.93,-6.62,13.45,4.61,667-0.png,878,850,72.009
0.1,1.18,20.22,12.86,13.45,4.16,668-0.png,846,850,72.009
0.0,9.34,18.11,-14.55,13.45,5.52,669-0.png,921,850,72.009
0.3,4.9,17.87,7.35,12.96,6.51,670-0.png,898,850,72.009
-1.0,3.65,16.43,12.73,13.45,7.13,670-1.png,877,850,72.009
0.1,4.62,15.84,8.49,13.45,6.57,670-2.png,844,850,72.009
0.0,3.61,16.26,9.62,13.45,6.47,670-3.png,858,850,72.009
1.4,3.65,17.83,4.75,12.89,6.64,670-4.png,877,850,72.009
2.0,3.75,14.95,8.34,13.46,6.23,670-5.png,879,850,72.009
0.0,4.11,17.79,14.94,13.2,6.3,670-6.png,900,850,72.009
0.1,2.27,15.56,9.34,13.88,7.03,670-7.png,883,850,72.009
0.1,4.09,16.58,16.13,13.57,7.17,670-8.png,881,850,72.009
0.2,4.53,13.44,9.36,13.01,6.9,670-9.png,883,850,72.009
0.0,2.66,20.74,-10.76,13.47,3.6,671-0.png,864,850,72.009
0.0,2.44,20.71,-4.4,12.2,3.75,671-1.png,862,850,72.009
0.3,5.57,21.05,-12.91,13.45,3.86,671-10.png,879,850,72.009
0.0,6.53,20.86,-11.88,13.45,3.36,671-2.png,903,850,72.009
0.3,5.14,20.9,-9.95,13.45,3.44,671-4.png,875,850,72.009
0.5,7.46,21.08,-7.18,13.45,3.59,671-5.png,898,850,72.009
0.1,2.67,20.25,-9.7,13.45,3.88,671-6.png,860,850,72.009
0.0,3.26,20.78,-9.7,13.45,3.86,671-7.png,858,850,72.009
0.2,5.35,21.01,-13.8,13.45,3.69,671-8.png,878,850,72.009
0.0,5.09,20.97,-11.19,13.45,3.76,671-9.png,884,850,72.009
0.0,0.23,15.74,3.88,12.25,6.56,672-0.png,858,850,72.009
