-1.0,3.56,20.28,-14.88,15.18,2.78,1,0,1,0,1,0,0,000-0.png
0.0,5.93,16.64,-17.3,12.73,4.34,1,0,1,0,1,0,0,000-1.png
-1.0,3.47,17.21,-15.86,13.22,3.79,1,0,1,0,1,0,0,000-10.png
0.0,3.47,17.81,-6.05,13.45,3.98,1,0,1,0,1,0,0,000-11.png
0.0,3.71,17.79,-15.21,13.45,3.83,1,0,1,0,1,0,0,000-12.png
0.0,4.08,19.18,-9.81,13.45,4.03,1,0,1,0,1,0,0,000-13.png
0.0,4.32,15.76,-15.5,13.68,3.63,1,0,1,0,1,0,0,000-14.png
0.0,4.2,17.83,-16.49,12.94,3.71,1,0,1,0,1,0,0,000-15.png
0.5,3.74,18.12,-17.53,13.11,3.42,1,0,1,0,1,0,0,000-16.png
0.0,4.32,17.95,-9.91,13.4,3.32,1,0,1,0,1,0,0,000-17.png
0.0,4.67,20.24,-21.42,13.64,3.41,1,0,1,0,1,0,0,000-18.png
-1.0,4.9,18.07,-17.31,13.29,3.27,1,0,1,0,1,0,0,000-19.png
-1.0,4.42,17.04,-17.8,12.69,4.18,1,0,1,0,1,0,0,000-2.png
0.0,3.74,17.78,-13.33,13.45,3.58,1,0,1,0,1,0,0,000-20.png
0.0,4.79,17.85,-12.66,13.45,3.29,1,0,1,0,1,0,0,000-21.png
-1.0,4.09,17.55,-18.17,13.45,3.31,1,0,1,0,1,0,0,000-22.png
-1.0,5.14,17.69,-12.15,13.37,3.33,1,0,1,0,1,0,0,000-23.png
-1.0,5.38,19.61,-11.79,12.75,3.6,1,0,1,0,1,0,0,000-24.png
0.0,4.79,18.02,-16.02,13.45,3.37,1,0,1,0,1,0,0,000-25.png
0.0,4.9,20.58,-19.68,13.18,3.21,1,0,1,0,1,0,0,000-26.png
-1.0,5.02,19.65,-21.39,13.45,3.69,1,0,1,0,1,0,0,000-27.png
0.0,3.74,18.3,-20.33,13.9,3.42,1,0,1,0,1,0,0,000-28.png
0.0,2.57,19.8,-13.66,13.45,4.46,1,0,1,0,1,0,0,000-29.png
0.0,4.08,16.89,-15.95,13.45,4.44,1,0,1,0,1,0,0,000-3.png
0.0,3.65,21.12,-14.53,14.28,2.92,1,0,1,0,1,0,0,000-30.png
0.0,1.36,20.81,-18.79,13.45,3.08,1,0,1,0,1,0,0,000-31.png
0.0,4.52,20.85,-19.54,11.71,2.97,1,0,1,0,1,0,0,000-32.png
0.0,1.36,18.98,-12.77,12.17,2.91,1,0,1,0,1,0,0,000-33.png
0.2,4.14,10.76,-18.92,15.22,3.79,1,0,1,0,1,0,0,000-34.png
-1.0,3.65,17.59,-12.82,14.78,2.95,1,0,1,0,1,0,0,000-35.png
0.0,3.34,20.96,-18.8,14.5,3.05,1,0,1,0,1,0,0,000-36.png
0.0,1.48,21.09,-13.79,12.89,2.81,1,0,1,0,1,0,0,000-37.png
-1.0,3.56,20.46,-12.6,13.58,2.5,1,0,1,0,1,1,0,000-38.png
0.0,5.34,15.87,-11.36,13.33,2.77,1,0,1,0,1,0,0,000-39.png
0.0,2.8,18.54,-19.31,14.35,4.04,1,0,1,0,1,0,0,000-4.png
0.0,1.36,20.46,-14.62,12.55,2.74,1,0,1,0,1,0,0,000-40.png
0.0,5.94,20.85,-20.29,14.03,2.71,1,0,1,0,1,0,0,000-41.png
0.0,0.46,20.63,-21.33,12.97,3.2,1,0,1,0,1,0,0,000-42.png
0.0,6.26,19.05,-21.5,12.17,2.76,1,0,1,0,1,0,0,000-43.png
0.0,4.42,21.2,-20.95,12.7,2.81,1,0,1,0,1,0,0,000-44.png
0.0,2.56,20.96,-16.75,13.41,2.9,1,0,1,0,1,0,0,000-45.png
0.0,3.44,21.03,-22.33,13.94,2.7,1,0,1,0,1,0,0,000-46.png
0.0,1.48,18.62,-21.36,13.45,2.77,1,0,1,0,1,0,0,000-47.png
0.5,3.73,20.81,-16.41,13.6,3.17,1,0,1,0,1,0,0,000-48.png
0.0,1.25,21.16,-25.33,13.11,2.96,1,0,1,0,1,0,0,000-49.png
0.0,2.81,17.28,-16.7,13.61,4.0,1,0,1,0,1,0,0,000-5.png
0.0,1.48,21.09,-21.4,13.7,3.06,1,0,1,0,1,0,0,000-50.png
0.2,4.53,20.53,-20.97,13.45,3.5,1,0,1,0,1,0,0,000-51.png
0.0,0.36,20.67,-16.06,12.73,2.88,1,0,1,0,1,0,0,000-52.png
0.2,1.47,20.5,-23.28,13.51,2.94,1,0,1,0,1,0,0,000-53.png
0.0,1.36,21.08,-22.85,14.82,2.84,1,0,1,0,1,0,0,000-54.png
9.4,3.55,0.0,3.38,13.45,4.85,1,0,0,0,0,0,0,000-55.png
0.0,1.25,21.52,-16.38,13.42,2.7,1,0,1,0,1,0,0,000-56.png
0.0,8.29,18.54,-24.46,14.24,3.06,1,0,1,0,1,0,0,000-57.png
0.3,1.37,20.86,-21.84,14.33,2.97,1,0,1,0,1,0,0,000-58.png
0.0,4.31,15.29,-22.2,13.16,3.91,1,0,1,0,1,0,0,000-6.png
0.0,4.18,13.23,-14.11,13.45,4.28,1,0,1,0,1,0,0,000-7.png
0.0,4.06,17.99,-17.84,12.68,3.87,1,0,1,0,1,0,0,000-8.png
-1.0,3.85,15.13,-16.63,13.45,4.08,1,0,1,0,1,0,0,000-9.png
0.0,5.25,16.58,-9.99,13.39,4.54,1,0,1,0,1,0,0,001-0.png
0.5,10.75,17.54,-12.05,13.51,3.57,1,0,1,0,1,0,0,001-1.png
0.0,8.56,13.29,22.11,12.94,2.31,1,0,1,0,1,1,0,002-0.png
0.2,6.57,13.01,19.58,13.45,6.24,1,0,1,0,1,0,0,003-0.png
0.4,5.74,17.13,13.77,13.45,6.68,1,0,1,0,1,0,0,003-1.png
0.1,0.58,12.48,7.76,13.45,3.93,1,0,1,0,1,0,0,004-0.png
0.0,2.21,18.34,-10.15,13.45,5.39,1,0,1,0,1,0,0,005-0.png
0.0,0.12,15.56,-14.85,13.45,5.34,1,0,1,0,1,0,0,005-1.png
-2.0,0.94,4.5,17.22,13.45,8.28,1,0,1,0,1,0,1,006-0.png
0.0,1.98,16.26,-15.9,13.45,4.76,1,0,1,0,1,0,0,007-0.png
-1.0,1.43,14.21,-9.91,13.45,4.94,1,0,1,0,1,0,0,007-1.png
0.1,5.72,15.44,25.57,13.45,6.33,1,0,1,0,1,0,0,008-0.png
-1.0,3.35,16.15,23.99,13.45,6.56,1,0,1,0,1,0,0,008-1.png
0.0,10.81,19.89,22.32,13.45,4.63,1,0,1,0,1,0,0,009-0.png
0.7,7.5,18.34,20.25,13.45,4.8,1,0,1,0,1,0,0,009-1.png
0.4,10.4,16.84,-5.61,13.45,4.49,1,0,1,0,1,0,0,010-0.png
0.0,7.54,19.22,-6.61,12.26,4.54,1,0,1,0,1,0,0,010-1.png
0.2,4.79,14.81,3.07,13.67,5.29,1,0,1,0,1,0,0,011-0.png
0.1,5.73,13.66,-1.01,13.07,5.39,1,0,1,0,1,0,0,011-1.png
0.0,1.74,20.04,15.77,13.45,5.64,1,0,1,0,1,0,0,012-0.png
-1.0,5.48,11.18,19.85,13.45,5.85,1,0,1,0,1,0,0,012-1.png
0.0,6.82,13.49,23.38,13.45,5.22,1,0,1,0,1,0,0,014-0.png
0.1,0.35,15.25,19.3,13.45,6.67,1,0,1,0,1,0,0,014-1.png
0.0,7.93,13.36,23.54,13.45,6.84,1,0,1,0,1,0,0,015-0.png
0.2,2.21,18.69,9.71,13.45,5.38,1,0,1,0,1,0,0,016-0.png
0.0,1.51,14.89,7.18,13.45,5.43,1,0,1,0,1,0,0,016-1.png
0.6,1.63,16.65,7.06,13.45,5.61,1,0,1,0,1,0,0,016-2.png
-1.0,11.57,16.09,17.93,13.45,6.88,1,0,1,0,1,0,0,017-0.png
0.0,2.12,14.85,17.32,13.45,6.92,1,0,1,0,1,0,0,017-1.png
0.0,9.35,15.13,16.76,13.45,6.94,1,0,1,0,1,0,0,017-2.png
0.0,0.0,11.71,15.08,13.45,4.36,1,0,1,0,1,0,0,018-0.png
0.0,1.9,16.68,15.95,13.45,4.6,1,0,1,0,1,0,0,018-1.png
0.4,1.07,12.73,22.59,13.45,5.36,1,0,1,0,1,0,0,019-0.png
0.0,3.95,15.62,23.55,13.45,5.11,1,0,1,0,1,0,0,019-1.png
0.1,1.07,11.86,22.95,13.45,5.06,1,0,1,0,1,0,0,019-2.png
0.0,4.2,20.28,-15.03,13.45,3.96,1,0,1,0,1,0,0,020-0.png
0.3,1.75,19.2,18.32,13.45,5.45,1,0,1,0,1,0,0,021-0.png
0.0,6.45,18.06,18.28,13.45,6.53,1,0,1,0,1,0,0,022-0.png
0.0,0.36,20.77,22.58,13.45,3.92,1,0,1,0,1,0,0,023-0.png
0.2,8.1,14.85,-3.05,13.11,5.64,1,0,1,0,1,0,0,024-0.png
0.0,1.37,16.73,10.81,13.45,4.51,1,0,1,0,1,0,0,025-0.png
-1.0,3.66,16.16,17.84,13.45,3.94,1,0,1,0,1,0,0,025-1.png
0.0,1.36,16.64,11.42,13.45,3.97,1,0,1,0,1,0,0,025-2.png
-1.0,9.07,19.71,16.82,13.45,4.34,1,0,1,0,1,0,0,025-3.png
0.0,1.36,16.93,13.09,13.45,4.35,1,0,1,0,1,0,0,025-4.png
0.0,2.91,14.93,20.33,13.45,4.57,1,0,1,0,1,0,0,026-0.png
0.0,1.25,18.87,18.13,13.45,5.05,1,0,1,0,1,0,0,026-1.png
0.0,3.55,15.17,20.42,13.45,5.15,1,0,1,0,1,0,0,026-2.png
-1.0,2.33,14.46,22.91,13.45,4.71,1,0,1,0,1,0,0,026-3.png
0.0,4.99,16.45,19.94,13.45,4.82,1,0,1,0,1,0,0,026-4.png
0.0,2.68,17.77,-22.05,13.45,4.33,1,0,1,0,1,0,0,027-0.png
0.2,9.32,17.99,26.02,13.45,6.23,1,0,1,0,1,0,0,028-0.png
0.0,11.54,18.9,-2.89,13.45,5.59,1,0,1,0,1,0,0,029-0.png
0.9,5.46,15.12,-0.58,13.45,8.94,1,0,1,0,1,0,0,030-0.png
0.2,6.76,10.76,12.28,13.45,9.37,1,0,1,0,1,0,0,031-0.png
0.2,4.07,19.6,-9.76,13.26,4.51,1,0,1,0,1,0,0,032-0.png
0.2,12.69,19.25,1.08,13.45,5.4,1,0,1,0,1,0,0,033-0.png
0.2,4.29,18.3,17.91,13.0,2.91,1,0,1,0,1,0,1,034-0.png
0.0,3.37,19.85,-10.08,12.98,3.87,1,0,1,0,1,0,0,035-0.png
0.0,3.87,16.68,-7.35,13.45,4.94,1,0,1,0,1,0,0,036-0.png
0.0,1.36,20.66,3.6,12.72,3.57,1,0,1,0,1,0,0,037-0.png
0.0,2.63,19.08,7.89,13.45,3.79,1,0,1,0,1,0,0,037-1.png
0.0,2.32,20.0,8.12,13.45,3.79,1,0,1,0,1,0,0,037-2.png
0.0,3.8,19.22,8.16,12.55,3.66,1,0,1,0,1,0,0,037-3.png
0.0,3.25,20.25,5.5,13.45,3.81,1,0,1,0,1,0,0,037-4.png
0.2,1.98,17.37,1.12,13.45,7.13,1,0,1,0,1,0,0,038-0.png
0.8,2.45,18.17,18.4,13.45,4.74,1,0,1,0,1,0,0,039-0.png
0.0,11.05,16.58,22.59,13.45,5.13,1,0,1,0,1,0,0,040-0.png
0.0,3.84,15.72,19.04,13.45,5.67,1,0,1,0,1,0,0,041-0.png
1.1,1.55,18.65,-1.57,13.45,4.86,1,0,1,0,1,0,0,042-0.png
0.0,0.81,16.42,13.93,13.45,6.14,1,0,1,0,1,0,0,043-0.png
0.8,3.26,12.52,25.72,13.45,5.29,1,0,1,0,1,0,0,044-0.png
0.2,7.98,12.87,18.68,13.45,7.64,1,0,1,0,1,0,0,045-0.png
0.0,1.19,19.08,9.76,13.45,3.65,1,0,1,0,1,0,0,046-0.png
0.2,0.0,13.89,-1.95,13.45,8.29,1,0,1,0,1,0,0,047-0.png
0.3,4.53,21.16,-21.12,13.45,3.46,1,0,1,0,1,0,0,048-0.png
0.2,2.45,14.26,-12.81,13.45,3.73,1,0,1,0,1,0,0,049-0.png
0.2,3.95,18.9,-18.15,13.45,5.73,1,0,1,0,1,0,0,050-0.png
0.0,4.55,15.81,18.76,13.45,5.74,1,0,1,0,1,0,0,051-0.png
1.0,3.75,17.24,-1.82,12.5,6.14,1,0,1,0,1,0,0,052-0.png
1.2,8.82,15.63,-23.55,13.45,6.65,1,0,1,0,1,0,0,053-0.png
0.0,0.54,16.8,-6.14,13.45,7.48,1,0,1,0,1,0,0,054-0.png
0.0,3.17,11.99,12.28,13.45,3.88,1,0,1,0,1,0,0,055-0.png
0.3,3.14,17.08,-5.62,13.45,7.05,1,0,1,0,1,0,0,056-0.png
0.5,4.56,15.05,-5.42,13.45,5.6,1,0,1,0,1,0,0,058-0.png
0.5,3.87,8.62,-17.83,13.45,4.87,1,0,1,0,1,0,0,058-1.png
0.0,4.4,15.94,-13.94,13.45,5.8,1,0,1,0,1,0,0,058-2.png
0.3,3.33,15.36,-13.32,13.45,5.74,1,0,1,0,1,0,0,058-3.png
0.4,9.06,17.89,11.45,13.45,5.95,1,0,1,0,1,0,0,059-0.png
0.0,8.46,17.94,13.62,13.45,6.26,1,0,1,0,1,0,0,059-1.png
0.0,8.1,16.81,14.06,13.45,6.75,1,0,1,0,1,0,0,059-2.png
0.3,10.83,17.28,12.37,13.45,5.82,1,0,1,0,1,0,0,059-3.png
0.0,7.32,18.3,14.09,13.45,3.99,1,0,1,0,1,0,0,060-0.png
0.0,5.27,18.07,9.85,12.15,4.2,1,0,1,0,1,0,0,060-1.png
0.0,7.08,20.42,11.34,13.45,4.37,1,0,1,0,1,0,0,060-2.png
0.0,2.79,20.36,20.0,12.17,4.14,1,0,1,0,1,0,0,060-3.png
0.5,4.52,18.29,11.26,13.45,5.05,1,0,1,0,1,0,0,061-0.png
1.3,3.41,10.52,14.38,13.45,4.59,1,0,1,0,1,0,0,061-1.png
0.4,2.79,16.4,10.98,13.45,4.64,1,0,1,0,1,0,0,061-2.png
0.5,2.21,10.1,16.64,13.45,4.96,1,0,1,0,1,0,0,061-3.png
0.0,0.23,11.09,7.45,13.33,4.23,1,0,1,0,1,0,0,062-0.png
0.2,3.95,6.92,10.67,13.45,4.35,1,0,1,0,1,0,0,062-1.png
0.8,3.69,12.51,1.84,13.77,3.48,1,0,1,0,1,0,0,062-2.png
1.1,9.3,17.71,-6.18,13.67,3.87,1,0,1,0,1,0,0,063-0.png
0.3,6.84,17.18,-10.41,13.59,3.98,1,0,1,0,1,0,0,063-1.png
0.2,10.48,20.18,-6.31,14.69,4.47,1,0,1,0,1,0,0,063-2.png
0.8,2.98,15.73,2.36,13.45,5.18,1,0,1,0,1,0,0,064-0.png
0.0,1.4,19.18,9.49,12.36,5.13,1,0,1,0,1,0,0,064-1.png
0.3,0.24,19.08,5.6,12.98,5.16,1,0,1,0,1,0,0,064-2.png
0.0,1.74,19.71,3.72,13.45,5.02,1,0,1,0,1,0,0,064-3.png
1.5,3.34,10.35,-7.62,13.45,5.85,1,0,1,0,1,0,0,065-0.png
0.4,5.35,19.11,-10.89,13.45,5.39,1,0,1,0,1,0,0,065-1.png
0.0,0.58,14.11,19.25,14.85,4.75,1,0,1,0,1,0,0,066-0.png
0.2,0.93,17.6,15.63,14.85,4.47,1,0,1,0,1,0,0,066-1.png
0.4,1.05,18.49,-10.4,13.45,5.82,1,0,1,0,1,0,0,067-0.png
0.9,1.28,14.74,15.79,13.45,5.26,1,0,1,0,1,0,0,068-0.png
0.0,1.94,19.61,-10.29,13.45,4.0,1,0,1,0,1,0,0,069-0.png
0.0,1.93,14.76,15.91,14.07,3.71,1,0,1,0,1,0,0,070-0.png
0.5,1.93,22.26,14.42,13.45,5.26,1,0,1,0,1,0,0,071-0.png
0.7,4.89,19.93,24.9,13.45,4.44,1,0,1,0,1,0,0,072-0.png
0.0,3.61,10.65,17.85,13.45,6.2,1,0,1,0,1,0,0,073-0.png
1.0,1.86,11.52,10.62,13.45,4.97,1,0,1,0,1,0,0,074-0.png
0.4,3.97,19.33,-3.9,13.45,5.53,1,0,1,0,1,0,0,075-0.png
0.3,2.1,20.93,11.45,13.45,3.06,1,0,1,0,1,0,0,076-0.png
0.0,3.38,19.49,-2.26,13.45,3.81,1,0,1,0,1,0,0,077-0.png
-2.0,0.0,13.62,20.12,13.45,5.73,1,0,1,0,1,0,0,078-0.png
0.2,0.58,17.06,6.47,13.45,6.04,1,0,1,0,1,0,0,079-0.png
0.0,1.16,14.46,22.5,13.45,8.55,1,0,1,0,1,0,0,080-0.png
0.5,2.91,16.64,25.07,13.45,3.88,1,0,1,0,1,0,0,081-0.png
0.0,1.66,19.4,-0.46,13.45,4.18,1,0,1,0,1,0,0,081-1.png
0.3,5.35,14.42,16.33,13.41,5.71,1,0,1,0,1,0,0,082-0.png
0.9,5.8,18.52,-8.11,13.45,5.02,1,0,1,0,1,0,0,083-0.png
0.0,5.23,17.95,10.83,13.45,6.38,1,0,1,0,1,0,0,084-0.png
0.0,3.14,17.6,11.85,13.45,5.9,1,0,1,0,1,0,0,084-1.png
0.6,6.03,21.52,-6.37,13.45,2.56,1,0,1,0,1,0,0,085-0.png
0.6,9.89,22.1,-18.62,11.9,2.57,1,0,1,0,1,0,0,085-1.png
0.5,11.87,14.7,-7.45,13.45,2.89,1,0,1,0,1,0,0,085-2.png
0.5,12.0,21.69,-5.62,13.45,2.59,1,0,1,0,1,0,0,085-3.png
0.4,7.45,22.22,-13.82,13.45,2.73,1,0,1,0,1,0,0,085-4.png
0.6,3.15,16.84,-10.05,11.9,2.22,1,1,1,0,1,1,0,085-5.png
0.3,2.45,18.46,18.38,13.45,5.15,1,0,1,0,1,0,0,086-0.png
0.0,1.01,18.54,22.63,12.79,2.86,1,0,1,0,1,0,1,087-0.png
0.0,1.34,18.05,17.06,13.01,2.92,1,0,1,0,1,0,1,087-1.png
0.3,1.0,21.16,17.67,12.6,2.94,1,0,1,0,1,0,1,087-2.png
0.0,0.57,18.21,12.46,13.45,6.65,1,0,1,0,1,0,0,088-0.png
0.0,0.0,15.7,14.16,13.45,6.7,1,0,1,0,1,0,0,088-1.png
0.0,3.12,17.71,17.51,13.45,6.97,1,0,1,0,1,0,0,088-2.png
0.0,0.57,17.28,16.98,13.45,5.48,1,0,1,0,1,0,0,089-0.png
0.4,1.69,15.31,23.31,13.45,5.51,1,0,1,0,1,0,0,089-1.png
0.0,1.68,19.22,23.39,13.45,5.24,1,0,1,0,1,0,0,089-2.png
0.0,6.14,19.46,6.73,13.45,4.99,1,0,1,0,1,0,0,090-0.png
0.0,6.13,16.93,10.56,13.45,4.94,1,0,1,0,1,0,0,090-1.png
0.0,6.13,17.5,-2.73,13.45,5.07,1,0,1,0,1,0,0,090-2.png
0.4,4.05,18.91,-8.99,14.11,2.81,1,0,1,0,1,0,0,091-0.png
0.1,8.65,19.12,-17.89,12.23,3.0,1,0,1,0,1,0,0,091-2.png
0.4,3.12,16.23,3.34,13.45,4.65,1,0,1,0,1,0,0,092-0.png
0.0,1.64,17.67,-3.51,13.45,4.13,1,0,1,0,1,0,0,092-1.png
-1.0,2.54,14.27,10.42,13.45,5.27,1,0,1,0,1,0,0,092-2.png
0.0,4.5,14.66,24.73,13.45,3.32,1,0,1,0,1,0,0,093-0.png
0.0,0.46,15.42,23.98,13.45,3.87,1,0,1,0,1,0,0,093-1.png
0.1,3.82,13.32,22.31,13.45,3.8,1,0,1,0,1,0,0,093-2.png
0.0,0.46,16.27,-6.22,13.45,5.85,1,0,1,0,1,0,0,094-0.png
0.2,3.61,14.07,-7.75,12.02,5.75,1,0,1,0,1,0,0,094-1.png
0.0,4.5,18.44,-6.94,13.45,6.11,1,0,1,0,1,0,0,094-2.png
0.2,7.48,20.22,10.48,13.45,4.2,1,0,1,0,1,0,0,095-0.png
0.0,2.47,20.11,23.76,13.45,3.96,1,0,1,0,1,0,0,095-1.png
0.2,2.48,17.37,15.59,13.45,6.94,1,0,1,0,1,0,0,096-0.png
0.6,3.69,20.11,1.29,13.45,4.03,1,0,1,0,1,0,0,097-0.png
0.4,3.92,20.16,24.66,11.93,4.17,1,0,1,0,1,0,0,098-0.png
0.0,1.66,21.31,23.72,13.29,2.77,1,0,1,0,1,0,1,099-0.png
0.5,4.4,16.65,-19.77,13.45,3.4,1,0,1,0,1,0,0,100-0.png
0.2,5.32,19.89,2.13,13.45,4.23,1,0,1,0,1,0,0,102-0.png
0.4,5.3,20.25,-7.44,13.45,4.17,1,0,1,0,1,0,0,102-1.png
0.8,5.63,17.68,-5.07,11.89,3.53,1,0,1,0,1,0,0,103-0.png
0.8,4.27,17.4,17.48,13.45,4.84,1,0,1,0,1,0,0,104-0.png
0.2,1.54,14.99,10.36,13.45,9.56,1,0,1,0,1,0,0,105-0.png
0.0,5.25,19.53,-1.19,13.45,3.94,1,0,1,0,1,0,0,106-0.png
0.5,3.47,21.28,-22.86,13.45,3.02,1,0,1,0,1,0,0,107-0.png
0.2,4.51,21.27,-18.78,13.45,3.1,1,0,1,0,1,0,0,107-1.png
0.4,5.86,18.58,-19.0,13.45,2.84,1,0,1,0,1,0,0,107-2.png
0.3,5.51,20.86,-17.51,13.45,2.78,1,0,1,0,1,0,0,107-3.png
0.6,2.36,14.93,6.37,13.45,5.11,1,0,1,0,1,0,0,108-0.png
0.4,6.74,13.14,5.23,13.45,4.94,1,0,1,0,1,0,0,108-1.png
0.0,5.18,14.32,6.65,13.45,4.64,1,0,1,0,1,0,0,108-2.png
0.6,7.17,12.23,-5.17,13.45,5.34,1,0,1,0,1,0,0,108-3.png
0.0,4.93,20.69,-0.54,13.45,4.17,1,0,1,0,1,0,0,109-0.png
0.4,3.81,14.29,-7.01,13.45,4.7,1,0,1,0,1,0,0,109-1.png
0.0,5.13,17.46,2.08,13.45,3.93,1,0,1,0,1,0,0,109-2.png
0.0,6.59,20.6,-8.78,13.45,3.92,1,0,1,0,1,0,0,109-3.png
0.2,2.7,15.59,-7.11,13.45,4.2,1,0,1,0,1,0,0,110-0.png
0.2,1.6,15.52,-9.56,11.99,4.15,1,0,1,0,1,0,0,110-1.png
0.2,2.99,19.46,-0.62,12.1,4.28,1,0,1,0,1,0,0,110-2.png
0.0,2.88,17.17,-9.35,12.13,3.71,1,0,1,0,1,0,0,110-3.png
0.5,2.94,14.42,-11.26,13.45,3.99,1,0,1,0,1,0,0,111-0.png
0.2,3.04,19.3,-9.27,13.45,4.69,1,0,1,0,1,0,0,111-1.png
0.0,4.86,16.75,-7.97,13.45,4.7,1,0,1,0,1,0,0,111-2.png
0.3,5.2,20.05,-8.14,13.45,4.44,1,0,1,0,1,0,0,111-3.png
0.2,2.23,16.18,-12.01,13.45,5.04,1,0,1,0,1,0,0,112-0.png
0.2,3.33,16.75,-10.25,12.72,4.93,1,0,1,0,1,0,0,112-1.png
0.0,3.67,16.48,-8.13,13.45,4.47,1,0,1,0,1,0,0,112-2.png
0.0,0.46,13.66,-10.02,14.47,4.62,1,0,1,0,1,0,0,112-3.png
0.3,4.13,13.95,-17.08,13.45,3.83,1,0,1,0,1,0,0,113-0.png
0.8,6.85,14.26,-13.37,13.45,4.1,1,0,1,0,1,0,0,113-1.png
0.0,5.12,15.61,-14.44,13.45,3.87,1,0,1,0,1,0,0,113-2.png
0.3,6.09,13.87,-8.76,13.45,4.03,1,0,1,0,1,0,0,113-3.png
0.8,3.89,18.95,-2.17,13.45,5.54,1,0,1,0,1,0,0,114-0.png
0.0,3.12,18.87,-1.36,13.45,5.86,1,0,1,0,1,0,0,114-1.png
0.0,3.1,16.12,-5.16,13.45,5.68,1,0,1,0,1,0,0,114-2.png
0.0,2.09,18.69,0.0,13.45,6.0,1,0,1,0,1,0,0,114-3.png
0.0,8.77,18.96,23.97,13.45,3.81,1,0,1,0,1,0,0,115-0.png
0.2,8.28,18.06,13.42,13.45,4.07,1,0,1,0,1,0,0,116-0.png
0.3,4.13,19.66,2.35,13.45,4.03,1,0,1,0,1,0,0,117-0.png
0.2,6.35,16.11,-9.38,13.45,4.7,1,0,1,0,1,0,0,117-1.png
0.0,2.97,14.78,-5.93,13.45,4.98,1,0,1,0,1,0,0,117-2.png
0.0,5.15,12.3,-8.58,13.45,4.36,1,0,1,0,1,0,0,117-3.png
0.5,7.24,20.19,21.31,13.45,3.28,1,0,1,0,1,0,0,118-0.png
0.2,5.71,20.11,19.09,13.45,3.17,1,0,1,0,1,0,0,118-1.png
0.0,7.43,19.22,25.62,13.45,3.12,1,0,1,0,1,0,0,118-2.png
0.3,5.27,16.08,15.62,13.45,3.22,1,0,1,0,1,0,0,118-3.png
0.0,6.83,15.43,15.69,13.45,3.35,1,0,1,0,1,0,0,118-4.png
0.3,9.34,17.28,21.12,13.45,3.06,1,0,1,0,1,0,0,118-5.png
0.1,3.36,20.46,26.57,13.45,3.0,1,0,1,0,1,0,1,118-6.png
0.2,1.32,18.15,-13.71,13.45,4.5,1,0,1,0,1,0,0,119-0.png
0.0,1.99,20.42,-13.08,13.45,4.11,1,0,1,0,1,0,0,119-1.png
0.0,3.66,18.3,-5.18,13.45,3.98,1,0,1,0,1,0,0,120-0.png
-3.0,2.66,13.25,-2.21,13.45,6.48,1,0,1,0,1,0,0,121-0.png
0.8,3.33,15.72,-5.0,13.45,7.67,1,0,1,0,1,0,0,121-1.png
0.1,2.89,16.02,15.39,13.45,7.23,1,0,1,0,1,0,0,122-0.png
0.3,5.63,20.71,21.48,13.45,3.98,1,0,1,0,1,0,0,123-0.png
0.5,5.38,20.01,20.81,13.45,4.07,1,0,1,0,1,0,0,123-1.png
0.0,5.03,20.41,11.52,13.45,4.08,1,0,1,0,1,0,0,123-2.png
0.0,3.33,20.61,16.05,13.45,3.84,1,0,1,0,1,0,0,123-3.png
0.0,5.99,20.66,20.6,13.45,3.88,1,0,1,0,1,0,0,123-4.png
0.0,3.57,18.8,-5.61,13.45,6.07,1,0,1,0,1,0,0,124-0.png
0.0,7.84,18.62,-2.02,13.45,6.11,1,0,1,0,1,0,0,124-1.png
0.0,3.29,18.34,-2.17,13.45,6.54,1,0,1,0,1,0,0,124-2.png
0.0,4.16,18.05,-4.49,13.45,6.85,1,0,1,0,1,0,0,124-3.png
0.1,0.35,16.77,-1.21,13.02,6.37,1,0,1,0,1,0,0,125-0.png
0.7,0.7,17.39,-2.44,13.49,6.46,1,0,1,0,1,0,0,125-1.png
0.0,0.0,18.03,-0.41,12.55,6.21,1,0,1,0,1,0,0,125-2.png
0.1,2.22,15.42,7.12,13.13,6.39,1,0,1,0,1,0,0,125-3.png
0.0,6.74,18.06,-3.14,13.45,5.88,1,0,1,0,1,0,0,126-0.png
0.4,3.55,17.54,-6.02,13.45,7.19,1,0,1,0,1,0,0,126-1.png
0.0,4.01,13.66,-6.24,13.45,5.8,1,0,1,0,1,0,0,126-2.png
0.1,1.54,13.11,-10.83,13.45,5.45,1,0,1,0,1,0,0,126-3.png
-1.0,1.9,17.75,-3.4,13.45,6.26,1,0,1,0,1,0,0,126-4.png
0.0,4.91,14.71,-13.82,13.45,4.49,1,0,1,0,1,0,0,127-0.png
0.0,4.7,20.42,-15.28,13.45,4.08,1,0,1,0,1,0,0,127-1.png
0.3,2.11,16.71,-15.57,13.45,4.38,1,0,1,0,1,0,0,127-2.png
0.4,3.78,15.13,-10.14,13.45,9.33,1,0,1,0,1,0,0,128-0.png
0.0,8.38,15.6,-8.57,13.45,9.09,1,0,1,0,1,0,0,128-1.png
0.0,1.66,15.37,-4.29,13.45,8.99,1,0,1,0,1,0,0,128-2.png
0.0,8.76,15.68,-5.81,13.45,9.27,1,0,1,0,1,0,0,128-3.png
0.0,1.89,13.62,-8.87,13.45,9.35,1,0,1,0,1,0,0,128-4.png
0.1,7.03,12.78,1.49,14.8,11.53,1,0,1,0,1,0,0,129-0.png
0.0,5.96,13.56,1.1,14.16,10.26,1,0,1,0,1,0,0,129-1.png
-1.0,4.83,10.7,0.62,14.58,10.17,1,0,1,0,1,0,0,129-2.png
0.1,2.05,12.07,0.63,16.48,10.72,1,0,1,0,1,0,0,129-3.png
0.3,5.38,15.11,25.19,13.45,4.48,1,0,1,0,1,0,0,130-0.png
0.5,2.33,19.6,20.74,12.93,3.82,1,0,1,0,1,0,0,130-1.png
0.8,0.94,17.28,20.45,13.39,4.02,1,0,1,0,1,0,0,130-2.png
0.3,2.86,18.87,24.59,12.98,4.06,1,0,1,0,1,0,0,130-3.png
0.6,2.99,16.98,22.52,13.39,3.63,1,0,1,0,1,0,0,130-4.png
0.0,2.93,18.52,16.77,13.45,6.32,1,0,1,0,1,0,0,131-0.png
0.4,3.4,18.59,16.28,13.45,6.11,1,0,1,0,1,0,0,131-1.png
0.0,5.34,18.4,15.74,13.45,6.23,1,0,1,0,1,0,0,131-2.png
0.4,4.7,15.58,10.1,13.45,6.3,1,0,1,0,1,0,0,131-3.png
0.8,2.64,14.36,23.18,13.45,7.45,1,0,1,0,1,0,0,132-0.png
0.0,1.76,11.01,26.23,13.45,6.42,1,0,1,0,1,0,0,132-1.png
0.0,0.71,3.93,26.3,13.45,6.31,1,0,1,0,1,0,1,132-2.png
-1.0,2.79,13.19,26.41,13.45,7.05,1,0,1,0,1,0,0,132-3.png
0.8,4.69,19.01,3.98,13.45,4.58,1,0,1,0,1,0,0,133-0.png
0.5,10.89,17.04,10.39,14.57,5.07,1,0,1,0,1,0,0,133-1.png
1.6,3.98,19.24,14.42,15.36,4.54,1,0,1,0,1,0,0,133-2.png
1.2,8.75,18.19,12.62,14.66,4.77,1,0,1,0,1,0,0,133-3.png
0.3,2.92,19.01,15.01,13.45,4.82,1,0,1,0,1,0,0,133-4.png
0.1,5.72,20.81,11.2,13.55,3.58,1,0,1,0,1,0,0,134-0.png
0.0,7.49,21.11,13.66,13.12,3.47,1,0,1,0,1,0,0,134-1.png
0.0,2.13,16.83,-0.46,13.45,6.78,1,0,1,0,1,0,0,135-0.png
0.2,5.53,14.6,3.36,13.45,6.49,1,0,1,0,1,0,0,135-1.png
0.0,3.88,19.32,25.52,13.45,5.19,1,0,1,0,1,0,0,136-0.png
0.0,3.43,16.3,4.24,13.45,4.89,1,0,1,0,1,0,0,137-0.png
0.6,5.09,17.81,5.85,15.35,3.44,1,0,1,0,1,0,0,138-0.png
0.0,4.14,18.21,-4.77,12.93,4.14,1,0,1,0,1,0,0,139-0.png
0.0,9.5,19.64,-9.1,12.29,4.61,1,0,1,0,1,0,0,139-1.png
0.3,10.13,18.97,-4.56,13.45,5.86,1,0,1,0,1,0,0,140-0.png
0.0,6.29,19.4,-2.74,13.45,5.32,1,0,1,0,1,0,0,140-1.png
0.0,3.43,21.16,-18.35,12.82,2.81,1,0,1,0,1,0,0,141-0.png
0.0,2.82,15.13,22.24,13.45,3.83,1,0,1,0,1,0,0,142-0.png
0.0,6.54,16.37,-0.67,13.05,4.12,1,0,1,0,1,0,0,143-0.png
-1.0,2.54,13.87,15.77,13.45,7.74,1,0,1,0,1,0,0,144-0.png
0.0,2.11,12.74,21.88,13.45,4.42,1,0,1,0,1,0,0,145-0.png
0.6,4.69,18.17,-14.43,17.95,4.05,1,0,1,0,1,0,0,146-0.png
0.0,3.3,17.05,25.0,13.45,5.0,1,0,1,0,1,0,0,147-0.png
0.0,4.84,18.62,-12.13,13.45,5.64,1,0,1,0,1,0,0,148-0.png
0.0,5.82,17.43,-24.33,14.57,2.88,1,0,1,0,1,0,0,149-0.png
0.5,2.69,17.69,-5.26,12.0,6.79,1,0,1,0,1,0,0,150-0.png
0.5,2.39,17.02,-7.91,13.45,6.79,1,0,1,0,1,0,0,150-1.png
-1.0,2.59,16.63,-3.23,13.45,6.94,1,0,1,0,1,0,0,150-2.png
0.0,2.91,18.19,-8.36,12.82,6.49,1,0,1,0,1,0,0,150-3.png
0.2,3.04,17.52,-6.72,13.45,6.7,1,0,1,0,1,0,0,150-4.png
0.2,3.28,18.81,-8.36,13.45,5.74,1,0,1,0,1,0,0,150-5.png
0.1,3.52,16.23,-6.57,13.45,5.95,1,0,1,0,1,0,0,150-6.png
0.0,2.63,18.39,-5.43,13.45,5.77,1,0,1,0,1,0,0,150-7.png
0.4,2.73,17.28,-7.92,13.45,6.85,1,0,1,0,1,0,0,150-8.png
0.0,3.01,17.38,-8.66,13.45,7.0,1,0,1,0,1,0,0,150-9.png
0.0,2.84,8.67,22.0,13.45,3.43,1,0,1,0,1,0,0,151-0.png
0.0,3.33,14.77,18.26,13.45,3.48,1,0,1,0,1,0,0,151-1.png
0.1,0.57,18.69,18.6,13.45,3.84,1,0,1,0,1,0,0,151-10.png
0.0,2.46,16.34,19.84,13.45,3.44,1,0,1,0,1,0,0,151-2.png
0.0,9.62,16.46,20.36,13.45,3.77,1,0,1,0,1,0,0,151-3.png
0.0,8.29,18.34,17.03,13.45,3.22,1,0,1,0,1,0,0,151-4.png
0.0,0.96,14.03,21.43,13.45,3.82,1,0,1,0,1,0,0,151-5.png
0.0,2.01,15.97,24.41,13.45,3.76,1,0,1,0,1,0,0,151-6.png
0.0,2.23,16.84,19.1,13.45,3.8,1,0,1,0,1,0,0,151-7.png
-1.0,1.53,17.68,23.57,13.45,6.07,1,0,1,0,1,0,0,151-8.png
0.0,2.46,14.97,20.23,13.05,6.66,1,0,1,0,1,0,0,152-0.png
0.0,2.13,17.02,20.98,12.74,7.08,1,0,1,0,1,0,0,152-1.png
0.3,2.01,17.69,17.93,13.24,6.75,1,0,1,0,1,0,0,152-2.png
0.0,9.86,18.15,17.05,12.31,6.31,1,0,1,0,1,0,0,152-3.png
0.2,0.96,17.91,17.04,13.45,6.36,1,0,1,0,1,0,0,152-4.png
0.0,0.84,17.81,16.47,13.45,6.72,1,0,1,0,1,0,0,152-5.png
0.0,2.55,14.7,19.43,13.45,6.53,1,0,1,0,1,0,0,152-6.png
0.3,2.97,17.69,17.58,13.45,6.29,1,0,1,0,1,0,0,152-7.png
0.4,2.24,17.46,18.43,13.45,6.6,1,0,1,0,1,0,0,152-8.png
0.2,5.44,17.93,19.37,12.09,6.33,1,0,1,0,1,0,0,152-9.png
0.1,3.21,15.34,25.27,13.45,4.68,1,0,1,0,1,0,0,153-0.png
-1.0,2.97,17.81,26.09,13.45,5.64,1,0,1,0,1,0,0,153-1.png
0.0,1.79,17.28,18.88,13.45,4.94,1,0,1,0,1,0,0,153-2.png
0.0,1.93,20.11,24.03,13.45,4.44,1,0,1,0,1,0,0,153-3.png
0.0,1.81,19.99,24.31,13.45,4.64,1,0,1,0,1,0,0,153-4.png
0.0,1.68,19.33,23.37,13.45,4.9,1,0,1,0,1,0,0,153-5.png
0.4,3.45,16.75,21.55,13.45,5.36,1,0,1,0,1,0,0,153-6.png
0.0,0.7,19.28,18.6,13.45,5.05,1,0,1,0,1,0,0,153-7.png
0.0,3.4,17.64,23.12,13.45,5.0,1,0,1,0,1,0,0,153-8.png
-1.0,5.09,17.95,26.41,13.45,5.5,1,0,1,0,1,0,0,153-9.png
0.0,2.12,10.32,17.78,13.45,5.79,1,0,1,0,1,0,0,154-0.png
0.0,2.12,16.31,18.55,13.45,5.88,1,0,1,0,1,0,0,154-1.png
0.2,1.78,15.05,13.88,13.45,5.71,1,0,1,0,1,0,0,154-2.png
0.1,1.08,18.48,20.07,13.45,5.88,1,0,1,0,1,0,0,154-3.png
0.0,1.08,18.84,21.18,13.45,5.43,1,0,1,0,1,0,0,154-4.png
0.0,1.79,18.3,22.49,13.45,5.73,1,0,1,0,1,0,0,154-5.png
0.0,3.17,10.99,19.14,13.45,6.06,1,0,1,0,1,0,0,154-6.png
0.3,2.84,18.21,18.83,13.45,5.91,1,0,1,0,1,0,0,154-7.png
0.3,2.73,14.07,17.57,13.45,6.17,1,0,1,0,1,0,0,154-8.png
0.0,4.61,10.73,22.46,13.45,6.11,1,0,1,0,1,0,0,154-9.png
0.0,8.08,14.95,-18.71,13.45,5.43,1,0,1,0,1,0,0,155-0.png
0.0,8.55,19.71,-23.95,13.45,5.02,1,0,1,0,1,0,0,155-1.png
0.1,1.57,15.72,-22.29,13.45,5.17,1,0,1,0,1,0,0,155-2.png
0.2,6.0,19.28,-23.76,13.45,5.43,1,0,1,0,1,0,0,155-3.png
0.0,7.66,17.79,-23.98,13.45,5.11,1,0,1,0,1,0,0,155-4.png
0.0,9.43,17.37,-22.27,13.45,5.13,1,0,1,0,1,0,0,155-5.png
0.2,8.56,19.48,-21.16,13.45,4.83,1,0,1,0,1,0,0,155-6.png
0.0,8.79,19.75,-19.41,13.45,5.1,1,0,1,0,1,0,0,155-7.png
0.0,2.63,19.36,-21.27,13.45,5.03,1,0,1,0,1,0,0,155-8.png
1.0,3.71,16.28,18.41,13.45,7.0,1,0,1,0,1,0,0,156-0.png
0.2,4.06,20.46,-10.76,11.17,3.7,1,0,1,0,1,0,0,157-0.png
0.0,3.21,21.82,-14.5,11.0,2.84,1,0,1,0,1,0,0,157-1.png
0.8,9.01,18.21,-12.62,13.45,3.86,1,0,1,0,1,0,0,158-0.png
0.3,5.04,21.02,-6.02,13.45,3.69,1,0,1,0,1,0,0,158-1.png
-1.0,5.19,20.93,-7.5,12.98,3.07,1,0,1,0,1,0,0,158-2.png
0.2,2.72,19.58,-18.96,13.45,4.37,1,0,1,0,1,0,0,159-0.png
0.0,2.5,19.85,-22.37,13.45,3.98,1,0,1,0,1,0,0,159-1.png
0.5,5.27,20.28,-8.98,13.45,3.83,1,0,1,0,1,0,0,160-0.png
0.4,1.92,17.13,-11.03,13.45,4.49,1,0,1,0,1,0,0,160-1.png
0.0,1.66,13.15,-2.74,13.4,6.4,1,0,1,0,1,0,0,161-0.png
3.1,1.31,5.96,-2.97,13.66,7.41,1,0,1,0,1,0,0,161-1.png
0.8,2.35,15.3,19.0,12.6,5.65,1,0,1,0,1,0,0,162-0.png
0.0,2.38,17.95,21.71,13.45,5.1,1,0,1,0,1,0,0,162-1.png
0.0,4.59,21.11,0.11,12.81,3.4,1,0,1,0,1,0,0,163-0.png
0.2,3.92,20.86,-3.65,13.03,3.43,1,0,1,0,1,0,0,163-1.png
0.3,7.81,20.22,-5.85,11.42,4.11,1,0,1,0,1,0,0,164-0.png
0.0,5.25,19.4,-1.08,12.54,4.46,1,0,1,0,1,0,0,164-1.png
0.1,3.59,16.87,-4.72,13.45,6.57,1,0,1,0,1,0,0,165-0.png
0.2,2.39,13.66,-2.73,13.45,8.41,1,0,1,0,1,0,0,165-1.png
0.0,3.66,17.03,-1.59,13.45,4.17,1,0,1,0,1,0,0,166-0.png
0.0,4.36,12.99,4.57,13.45,4.66,1,0,1,0,1,0,0,166-1.png
0.2,2.91,14.46,22.88,13.45,4.66,1,0,1,0,1,0,0,167-0.png
0.2,6.34,20.46,-3.45,13.45,3.62,1,0,1,0,1,0,0,168-0.png
0.2,6.83,14.11,0.72,13.45,2.91,1,0,1,0,1,0,1,168-1.png
0.8,3.64,19.05,9.93,13.45,5.64,1,0,1,0,1,0,0,169-0.png
0.0,1.7,19.58,10.85,13.45,4.1,1,0,1,0,1,0,0,169-1.png
0.0,1.53,15.42,-4.69,13.45,4.68,1,0,1,0,1,0,0,170-0.png
0.0,1.64,15.46,-13.14,13.45,5.22,1,0,1,0,1,0,0,170-1.png
0.0,3.82,8.11,5.52,13.48,5.85,1,0,1,0,1,0,0,171-0.png
0.0,0.96,8.31,12.3,12.29,5.86,1,0,1,0,1,0,0,171-1.png
0.0,5.67,17.36,-11.27,13.45,4.67,1,0,1,0,1,0,0,172-0.png
0.0,2.71,19.75,-13.86,13.45,4.5,1,0,1,0,1,0,0,172-1.png
0.0,4.6,18.3,18.93,12.27,4.5,1,0,1,0,1,0,0,173-0.png
0.0,4.23,17.95,19.02,11.62,5.14,1,0,1,0,1,0,0,173-1.png
0.0,5.06,15.79,23.34,13.45,5.28,1,0,1,0,1,0,0,173-2.png
0.2,5.05,15.95,14.69,12.11,4.89,1,0,1,0,1,0,0,173-3.png
0.0,5.31,15.83,23.49,12.22,4.89,1,0,1,0,1,0,0,173-4.png
0.0,7.57,16.12,15.59,13.45,5.56,1,0,1,0,1,0,0,174-0.png
0.0,2.87,18.78,14.53,13.45,5.53,1,0,1,0,1,0,0,174-1.png
0.2,4.13,14.55,8.91,13.45,5.08,1,0,1,0,1,0,0,174-2.png
0.0,1.88,18.81,9.42,13.45,5.39,1,0,1,0,1,0,0,174-3.png
0.0,4.48,19.14,8.18,13.45,4.94,1,0,1,0,1,0,0,174-4.png
0.6,4.05,19.09,-5.23,13.45,5.04,1,0,1,0,1,0,0,174-5.png
0.0,5.88,13.29,22.21,13.45,2.82,1,0,1,0,1,0,1,175-0.png
0.0,0.97,20.25,21.99,13.45,2.7,1,0,1,0,1,0,1,175-1.png
0.2,4.21,19.85,-16.63,13.45,4.54,1,0,1,0,1,0,0,176-0.png
0.0,9.46,18.96,12.44,13.45,5.19,1,0,1,0,1,0,0,177-0.png
0.0,0.58,16.58,8.67,13.45,5.57,1,0,1,0,1,0,0,177-1.png
0.2,1.42,17.24,-5.53,13.45,4.92,1,0,1,0,1,0,0,178-0.png
0.7,5.17,14.81,-3.68,13.45,5.42,1,0,1,0,1,0,0,178-1.png
0.0,10.34,17.28,-10.76,13.45,7.16,1,0,1,0,1,0,0,179-0.png
0.9,10.65,16.11,-18.12,13.45,7.96,1,0,1,0,1,0,0,179-1.png
0.0,2.47,20.81,-8.61,13.45,3.44,1,0,1,0,1,0,0,180-0.png
0.0,0.84,17.33,-10.34,13.45,3.76,1,0,1,0,1,0,0,180-1.png
0.4,3.32,16.87,14.69,13.45,5.53,1,0,1,0,1,0,0,181-0.png
0.0,1.52,18.69,11.38,13.45,5.29,1,0,1,0,1,0,0,181-1.png
0.0,2.26,17.28,12.93,13.45,5.29,1,0,1,0,1,0,0,181-2.png
0.0,6.52,20.81,18.03,12.39,3.67,1,0,1,0,1,0,0,182-0.png
0.1,2.73,17.28,17.96,13.45,6.88,1,0,1,0,1,0,0,183-0.png
0.2,3.57,19.7,-15.94,13.45,4.89,1,0,1,0,1,0,0,184-0.png
0.0,6.26,20.53,-18.86,13.45,4.09,1,0,1,0,1,0,0,184-1.png
0.2,3.16,20.93,-6.37,15.33,3.45,1,0,1,0,1,0,0,185-0.png
0.7,3.98,20.91,-7.72,15.07,3.44,1,0,1,0,1,0,0,185-1.png
0.0,4.23,20.63,-8.12,12.16,3.73,1,0,1,0,1,0,0,186-0.png
0.0,5.44,20.34,-3.58,12.12,4.14,1,0,1,0,1,0,0,186-1.png
0.0,0.0,17.12,-1.19,13.45,5.82,1,0,1,0,1,0,0,187-0.png
0.0,3.94,19.05,10.58,12.58,5.93,1,0,1,0,1,0,0,187-1.png
0.4,2.85,20.86,-11.51,13.45,4.14,1,0,1,0,1,0,0,188-0.png
0.0,0.72,18.07,-12.88,13.45,3.93,1,0,1,0,1,0,0,188-1.png
0.4,4.48,20.67,-5.75,13.45,3.91,1,0,1,0,1,0,0,189-0.png
0.3,2.5,21.4,-6.03,13.45,3.37,1,0,1,0,1,0,0,190-0.png
0.2,5.22,16.23,-0.82,13.45,3.25,1,0,1,0,1,0,0,190-1.png
0.0,2.16,17.05,2.42,13.45,5.43,1,0,1,0,1,0,0,191-0.png
0.4,2.58,15.3,2.53,12.74,6.18,1,0,1,0,1,0,0,192-0.png
0.0,0.39,11.84,6.12,13.45,6.82,1,0,1,0,1,0,0,192-1.png
0.5,5.38,16.67,0.79,13.45,4.56,1,0,1,0,1,0,0,193-0.png
0.9,5.07,18.38,2.79,13.45,4.81,1,0,1,0,1,0,0,193-1.png
0.8,3.97,18.38,4.13,13.45,4.84,1,0,1,0,1,0,0,193-2.png
0.3,3.88,19.33,-0.29,13.45,4.8,1,0,1,0,1,0,0,193-3.png
0.0,2.14,16.44,-8.67,13.45,4.47,1,0,1,0,1,0,0,194-0.png
0.0,2.23,17.74,-7.31,13.45,4.51,1,0,1,0,1,0,0,194-1.png
0.9,4.7,19.34,-19.3,13.45,5.04,1,0,1,0,1,0,0,195-0.png
0.5,3.36,15.1,-22.22,13.45,5.82,1,0,1,0,1,0,0,195-1.png
0.0,4.9,15.78,1.2,13.45,5.44,1,0,1,0,1,0,0,196-0.png
0.0,3.16,21.58,-9.44,13.45,3.17,1,0,1,0,1,0,0,197-0.png
0.0,3.06,21.66,-11.06,13.45,3.12,1,0,1,0,1,0,0,197-1.png
0.0,4.69,19.54,-17.97,13.45,4.2,1,0,1,0,1,0,0,198-0.png
0.0,4.63,19.69,-22.12,13.45,4.51,1,0,1,0,1,0,0,198-1.png
0.4,3.29,19.15,15.78,13.45,4.94,1,0,1,0,1,0,0,199-0.png
0.0,2.18,18.43,13.14,13.45,4.27,1,0,1,0,1,0,0,199-1.png
0.0,2.82,18.34,16.9,13.45,5.43,1,0,1,0,1,0,0,199-2.png
0.4,3.08,19.53,14.04,13.45,4.48,1,0,1,0,1,0,0,199-3.png
0.2,8.56,21.11,-7.47,12.33,3.22,1,0,1,0,1,0,0,200-0.png
0.2,4.64,6.58,4.28,13.45,4.53,1,0,1,0,1,0,0,201-0.png
0.0,5.15,19.99,-9.16,12.11,4.62,1,0,1,0,1,0,0,202-0.png
0.0,4.69,20.0,-7.69,13.45,4.6,1,0,1,0,1,0,0,202-1.png
0.1,6.41,19.75,-9.95,12.32,4.78,1,0,1,0,1,0,0,202-2.png
0.2,5.18,20.04,-13.95,12.63,4.57,1,0,1,0,1,0,0,202-3.png
0.0,6.31,20.07,-11.73,12.28,4.5,1,0,1,0,1,0,0,202-4.png
0.2,2.62,13.52,18.93,13.45,4.04,1,0,1,0,1,0,0,203-0.png
0.8,4.37,20.25,17.21,11.51,3.36,1,0,1,0,1,0,0,203-1.png
0.5,2.58,17.23,8.21,11.2,3.53,1,0,1,0,1,0,0,203-2.png
0.0,2.59,16.63,12.13,13.45,3.84,1,0,1,0,1,0,0,203-3.png
0.4,6.87,13.12,7.29,11.51,3.59,1,0,1,0,1,0,0,203-4.png
0.6,5.46,16.46,25.07,13.45,6.74,1,0,1,0,1,0,0,204-0.png
0.0,1.52,16.61,24.26,13.45,7.39,1,0,1,0,1,0,0,204-1.png
-1.0,1.06,14.57,21.78,13.45,7.91,1,0,1,0,1,0,0,204-3.png
0.1,6.63,16.26,24.83,13.45,7.63,1,0,1,0,1,0,0,204-4.png
-1.0,2.86,15.52,22.51,13.45,7.83,1,0,1,0,1,0,0,204-5.png
0.0,4.29,14.36,24.25,13.45,7.52,1,0,1,0,1,0,0,205-0.png
0.2,1.99,15.56,22.47,13.45,7.2,1,0,1,0,1,0,0,205-1.png
0.7,1.99,14.74,24.13,13.45,7.68,1,0,1,0,1,0,0,205-2.png
0.0,5.07,16.81,26.0,13.45,7.44,1,0,1,0,1,0,0,205-3.png
0.7,4.34,14.5,24.25,13.45,7.47,1,0,1,0,1,0,0,205-4.png
0.8,4.98,18.75,25.68,13.45,4.67,1,0,1,0,1,0,0,206-0.png
0.2,2.45,18.69,23.18,11.79,4.78,1,0,1,0,1,0,0,206-1.png
-1.0,1.07,9.88,23.65,13.45,5.31,1,0,1,0,1,0,0,206-2.png
0.4,6.54,19.3,25.59,13.45,4.52,1,0,1,0,1,0,0,206-3.png
0.4,8.89,18.1,25.19,11.54,4.9,1,0,1,0,1,0,0,206-4.png
0.2,4.93,15.97,-13.02,13.45,8.38,1,0,1,0,1,0,0,207-0.png
0.0,8.7,15.44,-17.21,13.45,8.89,1,0,1,0,1,0,0,207-1.png
0.3,4.47,17.43,-2.63,13.45,4.91,1,0,1,0,1,0,0,207-2.png
0.0,4.34,15.77,-21.14,13.45,8.42,1,0,1,0,1,0,0,207-3.png
0.1,1.76,14.07,-18.56,13.45,8.89,1,0,1,0,1,0,0,207-4.png
0.3,4.91,15.72,-20.48,13.45,8.74,1,0,1,0,1,0,0,207-5.png
0.0,4.02,17.54,8.55,13.45,5.57,1,0,1,0,1,0,0,208-0.png
0.0,3.41,13.21,16.56,13.45,6.66,1,0,1,0,1,0,0,208-1.png
0.0,3.8,12.2,19.57,13.45,6.61,1,0,1,0,1,0,0,208-2.png
0.0,2.81,14.02,19.53,13.45,6.21,1,0,1,0,1,0,0,208-3.png
0.2,3.99,14.73,10.5,13.45,6.58,1,0,1,0,1,0,0,208-4.png
0.0,5.52,16.28,-1.58,13.45,5.04,1,0,1,0,1,0,0,209-0.png
0.0,1.76,16.72,-4.46,13.45,5.47,1,0,1,0,1,0,0,209-1.png
0.4,4.61,19.44,-5.07,13.45,5.08,1,0,1,0,1,0,0,209-2.png
0.0,2.01,19.91,-8.54,13.45,4.73,1,0,1,0,1,0,0,209-3.png
0.6,4.75,13.86,-4.39,13.45,4.97,1,0,1,0,1,0,0,209-4.png
0.3,6.33,19.52,-5.56,13.45,5.25,1,0,1,0,1,0,0,210-0.png
-1.0,3.84,17.99,-2.92,13.45,5.92,1,0,1,0,1,0,0,210-1.png
0.0,5.49,15.64,17.04,12.12,5.55,1,0,1,0,1,0,0,211-0.png
0.5,3.43,16.97,13.51,13.45,6.35,1,0,1,0,1,0,0,211-1.png
0.0,3.94,18.4,-6.17,13.03,2.61,1,0,1,0,1,0,0,212-0.png
0.2,4.27,21.27,-6.67,13.45,2.59,1,0,1,0,1,0,0,212-1.png
0.3,6.66,15.72,-14.05,13.45,2.45,1,1,1,0,1,1,0,212-2.png
0.0,6.46,17.4,5.93,11.83,3.82,1,0,1,0,1,0,0,213-0.png
0.5,8.49,20.46,-1.53,13.45,4.09,1,0,1,0,1,0,0,213-1.png
0.3,6.41,17.11,-0.56,13.45,3.66,1,0,1,0,1,0,0,213-2.png
0.0,4.07,21.59,-3.91,12.6,2.99,1,0,1,0,1,0,0,214-0.png
0.0,5.1,21.16,-10.61,12.66,3.47,1,0,1,0,1,0,0,214-1.png
0.1,5.32,18.75,-7.23,13.45,5.93,1,0,1,0,1,0,0,215-0.png
0.0,4.37,16.49,-6.04,13.45,5.88,1,0,1,0,1,0,0,215-1.png
0.3,1.53,18.69,11.14,13.45,4.57,1,0,1,0,1,0,0,216-0.png
0.0,5.54,16.68,9.42,12.07,5.0,1,0,1,0,1,0,0,216-1.png
0.5,13.03,16.93,-9.57,13.9,4.02,1,0,1,0,1,0,0,217-0.png
0.4,0.0,17.59,6.44,13.45,4.13,1,0,1,0,1,0,0,217-1.png
0.1,11.0,19.4,0.83,13.23,3.86,1,0,1,0,1,0,0,217-2.png
0.0,3.95,18.8,10.49,13.45,5.45,1,0,1,0,1,0,0,218-0.png
0.0,6.15,19.4,-7.52,13.45,5.29,1,0,1,0,1,0,0,219-0.png
0.0,5.75,17.99,-3.9,12.38,5.98,1,0,1,0,1,0,0,220-0.png
0.9,3.91,16.09,24.04,13.45,7.17,1,0,1,0,1,0,0,221-0.png
0.0,5.86,17.87,-7.04,13.45,4.25,1,0,1,0,1,0,0,222-0.png
0.4,2.36,20.63,2.2,13.45,3.78,1,0,1,0,1,0,0,223-0.png
0.3,3.14,13.25,-6.46,13.17,4.24,1,0,1,0,1,0,0,224-0.png
0.2,3.17,20.22,11.26,11.94,4.38,1,0,1,0,1,0,0,225-0.png
0.7,4.28,19.75,17.54,13.45,4.44,1,0,1,0,1,0,0,226-0.png
0.4,7.96,19.79,14.66,16.09,4.14,1,0,1,0,1,0,0,227-0.png
0.2,0.0,20.4,17.46,13.45,4.27,1,0,1,0,1,0,0,228-0.png
0.0,4.36,18.78,-4.77,13.45,6.07,1,0,1,0,1,0,0,229-0.png
0.0,4.01,15.46,8.79,13.45,6.0,1,0,1,0,1,0,0,230-0.png
0.0,5.47,19.58,5.33,13.45,5.0,1,0,1,0,1,0,0,230-1.png
1.0,5.8,12.55,-1.8,12.93,5.54,1,0,1,0,1,0,0,231-0.png
0.3,7.13,18.95,-4.76,13.21,5.13,1,0,1,0,1,0,0,231-1.png
0.7,7.22,17.15,-14.73,14.44,4.42,1,0,1,0,1,0,0,232-0.png
0.0,6.4,16.4,-13.25,13.56,4.3,1,0,1,0,1,0,0,232-1.png
0.0,7.1,19.34,15.89,12.2,4.84,1,0,1,0,1,0,0,233-0.png
-1.0,4.86,18.99,17.13,12.65,4.88,1,0,1,0,1,0,0,233-1.png
0.0,4.01,19.3,21.0,13.45,5.29,1,0,1,0,1,0,0,234-0.png
0.2,6.31,15.76,22.91,13.45,5.9,1,0,1,0,1,0,0,234-1.png
0.1,3.31,18.8,13.42,13.45,5.69,1,0,1,0,1,0,0,235-0.png
0.0,4.05,18.85,17.77,13.45,5.49,1,0,1,0,1,0,0,235-1.png
-1.0,3.86,20.39,-4.8,11.67,4.09,1,0,1,0,1,0,0,236-0.png
0.3,6.99,19.2,-23.37,13.45,4.94,1,0,1,0,1,0,0,237-0.png
0.0,6.11,19.81,-19.89,13.45,4.84,1,0,1,0,1,0,0,237-1.png
0.0,4.77,19.97,-9.9,19.16,3.83,1,0,1,0,1,0,0,238-0.png
-1.0,5.17,18.81,21.14,13.45,4.19,1,0,1,0,1,0,0,239-0.png
0.0,4.79,16.89,17.36,12.37,4.42,1,0,1,0,1,0,0,239-1.png
0.2,9.22,17.91,8.88,11.72,4.23,1,0,1,0,1,0,0,239-2.png
0.2,1.07,17.09,17.48,13.45,4.34,1,0,1,0,1,0,0,239-3.png
0.0,6.17,20.88,1.89,13.45,3.94,1,0,1,0,1,0,0,240-0.png
0.0,2.55,17.33,1.62,13.45,4.16,1,0,1,0,1,0,0,240-1.png
0.0,5.64,16.65,-14.29,12.58,3.88,1,0,1,0,1,0,0,241-0.png
0.0,6.14,13.82,-14.84,13.45,3.88,1,0,1,0,1,0,0,241-1.png
0.0,6.65,17.13,-11.98,13.45,3.91,1,0,1,0,1,0,0,241-2.png
0.2,8.86,20.69,-12.1,13.45,3.36,1,0,1,0,1,0,0,241-3.png
0.2,6.73,15.58,-0.47,13.45,5.07,1,0,1,0,1,0,0,242-0.png
0.0,6.29,18.87,7.01,13.45,5.56,1,0,1,0,1,0,0,242-1.png
0.6,5.42,10.32,10.74,13.45,5.16,1,0,1,0,1,0,0,242-2.png
0.0,6.2,13.58,19.89,13.45,5.35,1,0,1,0,1,0,0,243-0.png
0.0,5.34,10.29,17.35,13.45,4.53,1,0,1,0,1,0,0,243-1.png
0.0,4.53,16.63,16.64,13.45,4.74,1,0,1,0,1,0,0,243-2.png
0.0,0.47,18.85,-6.12,13.45,5.52,1,0,1,0,1,0,0,244-0.png
0.0,1.14,14.46,11.43,13.45,5.34,1,0,1,0,1,0,0,245-0.png
1.6,1.25,17.5,18.6,13.45,4.21,1,0,1,0,1,0,0,246-0.png
0.2,2.92,20.28,17.72,13.45,4.06,1,0,1,0,1,0,0,246-1.png
0.1,0.34,20.33,14.08,13.45,4.26,1,0,1,0,1,0,0,246-2.png
-1.0,2.92,19.91,19.99,13.45,4.09,1,0,1,0,1,0,0,246-3.png
0.0,1.16,5.21,12.21,13.45,3.03,1,0,1,0,1,0,0,247-0.png
0.0,3.04,9.49,16.79,13.45,3.53,1,0,1,0,1,0,0,247-1.png
0.0,3.04,9.68,12.85,13.45,3.01,1,0,1,0,1,0,0,247-2.png
0.0,0.81,8.04,14.95,13.45,3.56,1,0,1,0,1,0,0,247-3.png
-1.0,4.83,11.68,20.28,13.45,3.77,1,0,1,0,1,0,0,247-4.png
0.6,1.26,20.56,10.38,13.45,3.76,1,0,1,0,1,0,0,248-0.png
0.3,2.58,21.01,5.02,13.45,3.57,1,0,1,0,1,0,0,248-1.png
0.0,3.28,18.38,8.77,13.45,3.88,1,0,1,0,1,0,0,248-2.png
0.0,3.24,20.93,6.84,13.45,3.34,1,0,1,0,1,0,0,248-3.png
0.0,3.17,20.46,5.29,13.45,3.83,1,0,1,0,1,0,0,248-4.png
-1.0,4.84,17.21,21.23,13.45,5.94,1,0,1,0,1,0,0,249-0.png
0.2,5.71,21.57,1.52,12.84,2.59,1,0,1,0,1,0,1,250-0.png
0.5,3.0,21.43,-3.4,13.38,2.68,1,0,1,0,1,0,0,250-1.png
0.6,8.44,14.81,7.01,13.45,5.36,1,0,1,0,1,0,0,251-0.png
0.0,2.47,19.27,13.95,13.45,4.13,1,0,1,0,1,0,0,252-0.png
0.3,4.47,17.64,-0.66,13.45,5.13,1,0,1,0,1,0,0,253-0.png
0.0,1.9,15.59,24.13,13.45,5.39,1,0,1,0,1,0,0,254-0.png
0.3,1.16,15.34,25.83,13.45,4.33,1,0,1,0,1,0,0,254-1.png
0.0,3.43,18.77,19.28,13.45,5.54,1,0,1,0,1,0,0,255-0.png
0.0,0.23,19.11,-4.97,13.45,5.34,1,0,1,0,1,0,0,256-0.png
0.0,5.15,14.37,-4.58,13.45,5.5,1,0,1,0,1,0,0,256-1.png
0.0,4.59,19.93,23.23,13.45,4.43,1,0,1,0,1,0,0,257-0.png
0.0,6.65,21.09,7.69,13.45,3.47,1,0,1,0,1,0,0,258-0.png
0.0,1.94,17.77,16.89,13.45,3.45,1,0,1,0,1,0,0,259-0.png
0.3,2.0,10.1,24.69,13.45,4.89,1,0,1,0,1,0,0,259-1.png
0.2,4.04,16.17,25.34,13.45,5.21,1,0,1,0,1,0,0,260-0.png
0.3,4.95,17.28,-8.77,13.45,3.92,1,0,1,0,1,0,0,261-0.png
0.0,2.01,17.06,22.56,13.45,4.96,1,0,1,0,1,0,0,262-0.png
0.0,2.94,20.95,17.03,13.45,3.23,1,0,1,0,1,0,0,263-0.png
0.4,4.07,13.17,7.03,13.45,9.63,1,0,1,0,1,0,0,264-0.png
-2.0,1.48,11.15,2.28,13.45,11.1,1,0,1,0,1,0,0,265-0.png
0.0,3.16,20.93,-12.0,14.16,3.24,1,0,1,0,1,0,0,266-0.png
0.0,5.15,15.76,11.98,11.64,5.33,1,0,1,0,1,0,0,267-0.png
0.0,4.45,19.54,23.84,12.67,4.33,1,0,1,0,1,0,0,268-0.png
1.1,2.05,18.17,21.62,13.45,4.94,1,0,1,0,1,0,0,269-0.png
0.1,6.58,20.63,-9.43,13.45,4.1,1,0,1,0,1,0,0,270-0.png
0.2,2.76,15.12,16.91,12.88,6.11,1,0,1,0,1,0,0,272-0.png
-1.0,0.0,15.59,22.96,12.23,6.07,1,0,1,0,1,0,0,272-1.png
0.4,1.95,9.88,10.42,12.16,5.51,1,0,1,0,1,0,0,272-2.png
0.0,3.49,16.58,-0.56,13.45,3.76,1,0,1,0,1,0,0,272-3.png
0.0,5.17,20.87,5.38,13.54,3.35,1,0,1,0,1,0,0,273-0.png
0.0,10.37,17.69,1.07,14.11,3.42,1,0,1,0,1,0,0,273-1.png
0.0,9.84,18.04,0.1,13.24,3.27,1,0,1,0,1,0,0,273-2.png
0.0,12.05,20.88,3.54,13.58,3.33,1,0,1,0,1,0,0,273-3.png
0.0,8.91,13.58,3.53,14.27,3.3,1,0,1,0,1,0,0,273-4.png
0.6,7.19,12.05,-0.85,13.45,4.28,1,0,1,0,1,0,0,274-0.png
0.0,5.73,15.87,-4.37,13.45,3.73,1,0,1,0,1,0,0,274-1.png
0.0,1.48,13.76,-8.3,13.45,3.53,1,0,1,0,1,0,0,274-2.png
0.0,8.0,17.34,-4.26,13.45,4.38,1,0,1,0,1,0,0,274-3.png
0.9,7.56,20.96,-2.35,13.45,4.78,1,0,1,0,1,0,0,275-0.png
1.9,9.98,17.57,-0.48,13.45,4.54,1,0,1,0,1,0,0,275-1.png
-1.0,5.09,20.15,-10.65,13.45,4.47,1,0,1,0,1,0,0,276-0.png
0.0,13.75,20.46,-8.0,13.45,4.35,1,0,1,0,1,0,0,276-1.png
0.5,11.69,19.9,-10.01,11.94,4.35,1,0,1,0,1,0,0,277-0.png
1.2,10.53,18.69,-8.69,12.89,4.94,1,0,1,0,1,0,0,277-1.png
0.4,7.89,20.11,-7.97,13.45,4.23,1,0,1,0,1,0,0,278-0.png
0.2,5.09,16.93,-0.8,13.45,3.79,1,0,1,0,1,0,0,278-1.png
0.4,3.67,19.93,-3.92,13.45,4.41,1,0,1,0,1,0,0,279-0.png
0.0,0.48,19.44,0.15,12.6,4.66,1,0,1,0,1,0,0,279-1.png
0.2,5.1,16.68,11.48,13.45,4.64,1,0,1,0,1,0,0,280-0.png
0.2,4.3,19.0,7.42,13.45,4.94,1,0,1,0,1,0,0,280-1.png
0.0,4.35,20.11,-4.28,13.45,4.08,1,0,1,0,1,0,0,281-0.png
0.5,5.17,20.65,-14.24,13.45,3.36,1,0,1,0,1,0,0,281-1.png
0.2,0.0,14.91,1.16,13.45,9.04,1,0,1,0,1,0,0,282-0.png
0.0,0.12,16.86,4.79,13.45,7.14,1,0,1,0,1,0,0,282-1.png
0.3,2.75,20.42,-22.41,13.45,3.72,1,0,1,0,1,0,0,283-0.png
0.7,7.18,20.55,-19.31,13.45,3.95,1,0,1,0,1,0,0,283-1.png
-1.0,2.82,19.1,-11.29,12.3,4.26,1,0,1,0,1,0,0,285-0.png
0.4,1.03,18.64,-17.6,12.98,4.5,1,0,1,0,1,0,0,285-1.png
0.0,2.84,11.24,-20.0,13.45,4.44,1,0,1,0,1,0,0,285-2.png
0.3,0.0,12.84,-14.33,13.45,5.04,1,0,1,0,1,0,0,285-3.png
0.0,0.46,11.16,-18.52,13.45,5.1,1,0,1,0,1,0,0,285-4.png
0.0,3.17,9.94,14.87,13.45,5.32,1,0,1,0,1,0,0,286-0.png
0.0,1.04,17.5,20.95,13.45,5.68,1,0,1,0,1,0,0,286-1.png
0.0,2.85,17.34,23.13,13.45,5.45,1,0,1,0,1,0,0,286-2.png
0.0,1.76,17.4,20.64,13.45,5.67,1,0,1,0,1,0,0,286-3.png
0.1,1.52,18.1,-12.29,13.45,6.35,1,0,1,0,1,0,0,287-0.png
-1.0,0.82,16.61,-6.9,13.45,5.78,1,0,1,0,1,0,0,287-1.png
0.0,1.03,18.45,-3.87,13.45,6.35,1,0,1,0,1,0,0,287-2.png
0.7,1.16,15.44,-8.23,13.45,6.65,1,0,1,0,1,0,0,287-3.png
0.0,0.23,15.49,-8.29,13.45,5.8,1,0,1,0,1,0,0,287-4.png
0.0,0.81,20.96,-19.92,13.45,4.01,1,0,1,0,1,0,0,288-0.png
0.3,0.23,20.91,-26.57,13.45,4.01,1,0,1,0,1,0,0,288-1.png
0.0,1.03,21.01,-26.21,13.45,4.1,1,0,1,0,1,0,0,288-2.png
0.0,1.99,20.11,-25.5,13.45,4.27,1,0,1,0,1,0,0,288-3.png
0.3,1.41,17.01,-22.49,13.45,5.08,1,0,1,0,1,0,0,288-4.png
0.0,2.82,16.67,-15.14,13.45,5.04,1,0,1,0,1,0,0,289-0.png
0.3,2.58,17.09,-10.9,13.45,5.6,1,0,1,0,1,0,0,289-1.png
0.0,2.85,18.34,-15.76,13.45,5.34,1,0,1,0,1,0,0,289-2.png
0.2,5.12,18.39,-16.67,13.45,5.45,1,0,1,0,1,0,0,289-3.png
0.0,2.82,17.99,-13.24,13.45,5.34,1,0,1,0,1,0,0,289-4.png
0.4,1.26,18.65,19.03,13.45,4.81,1,0,1,0,1,0,0,290-0.png
0.0,8.81,15.34,-0.41,13.45,4.97,1,0,1,0,1,0,0,291-0.png
0.0,9.01,17.75,-1.83,13.45,4.37,1,0,1,0,1,0,0,291-1.png
0.0,0.23,16.4,5.93,13.45,4.59,1,0,1,0,1,0,0,291-2.png
0.0,11.48,15.36,0.82,13.45,4.35,1,0,1,0,1,0,0,291-3.png
0.0,5.07,19.47,-20.76,13.45,4.63,1,0,1,0,1,0,0,292-0.png
0.0,1.14,16.26,-24.3,13.45,4.37,1,0,1,0,1,0,0,292-1.png
0.0,7.89,17.81,-20.28,13.45,4.36,1,0,1,0,1,0,0,292-2.png
0.0,2.81,20.07,-22.57,13.45,4.1,1,0,1,0,1,0,0,292-3.png
-1.0,2.91,16.54,-18.67,13.45,4.57,1,0,1,0,1,0,0,292-4.png
0.0,2.84,11.64,4.8,13.45,5.0,1,0,1,0,1,0,0,293-0.png
0.0,2.85,5.93,7.92,13.45,5.2,1,0,1,0,1,0,0,293-1.png
0.0,0.92,10.79,7.77,13.45,4.54,1,0,1,0,1,0,0,293-2.png
0.0,2.81,13.32,9.28,13.45,5.79,1,0,1,0,1,0,0,293-3.png
0.0,2.11,8.5,6.47,13.45,5.59,1,0,1,0,1,0,0,293-4.png
0.0,2.81,16.4,-10.77,13.45,6.17,1,0,1,0,1,0,0,294-0.png
0.0,0.81,18.5,-5.35,13.45,6.14,1,0,1,0,1,0,0,294-1.png
0.0,6.15,18.66,-2.55,13.45,6.35,1,0,1,0,1,0,0,294-2.png
0.0,2.28,15.8,-7.35,13.45,6.86,1,0,1,0,1,0,0,294-3.png
0.0,0.23,15.24,-4.85,13.45,3.44,1,0,1,0,1,0,0,295-0.png
0.0,9.47,18.83,-10.54,13.45,3.76,1,0,1,0,1,0,0,295-1.png
0.0,3.66,16.37,7.04,11.93,7.52,1,0,1,0,1,0,0,296-0.png
0.1,4.05,15.77,18.09,13.05,7.82,1,0,1,0,1,0,0,296-1.png
0.0,4.26,12.66,20.82,13.45,8.13,1,0,1,0,1,0,0,296-2.png
0.1,5.47,19.17,7.99,13.87,5.26,1,0,1,0,1,0,0,297-0.png
0.0,3.12,20.54,-3.43,14.0,3.58,1,0,1,0,1,0,0,297-1.png
0.1,8.09,20.69,-1.59,14.58,3.55,1,0,1,0,1,0,0,297-2.png
0.0,0.61,21.2,17.04,13.32,3.17,1,0,1,0,1,0,0,298-0.png
0.0,4.58,21.12,16.28,13.13,3.3,1,0,1,0,1,0,0,298-1.png
0.0,4.96,16.97,17.27,12.83,3.54,1,0,1,0,1,0,0,298-2.png
0.0,8.28,17.32,23.26,13.45,6.08,1,0,1,0,1,0,0,299-0.png
0.1,7.69,16.93,24.79,13.45,6.26,1,0,1,0,1,0,0,299-1.png
-1.0,5.28,16.3,24.07,13.45,6.56,1,0,1,0,1,0,0,299-2.png
0.0,4.63,19.32,5.96,13.45,4.25,1,0,1,0,1,0,0,300-0.png
0.0,4.8,19.75,-5.7,13.45,4.19,1,0,1,0,1,0,0,300-1.png
0.3,4.45,13.29,-4.78,13.45,4.0,1,0,1,0,1,0,0,300-2.png
0.0,4.59,17.35,17.38,13.45,4.96,1,0,1,0,1,0,0,301-0.png
0.1,3.63,16.23,18.35,13.45,5.47,1,0,1,0,1,0,0,301-1.png
0.2,5.58,15.44,-16.19,13.45,4.76,1,0,1,0,1,0,0,302-0.png
0.0,0.36,18.39,1.51,13.45,6.13,1,0,1,0,1,0,0,303-0.png
0.5,9.9,16.11,-7.91,13.45,4.02,1,0,1,0,1,0,0,304-0.png
0.0,9.22,18.07,-6.82,13.45,6.23,1,0,1,0,1,0,0,305-0.png
0.5,0.0,19.19,19.94,13.45,5.5,1,0,1,0,1,0,0,307-0.png
0.3,2.43,17.77,23.19,13.45,5.37,1,0,1,0,1,0,0,308-0.png
0.0,1.28,13.05,17.17,13.45,9.17,1,0,1,0,1,0,0,310-0.png
0.5,2.22,19.45,24.41,13.45,4.51,1,0,1,0,1,0,0,312-0.png
0.1,4.18,23.46,9.72,13.45,8.02,1,0,1,0,1,0,0,313-0.png
0.2,2.28,11.89,25.29,13.45,11.95,1,0,1,0,1,0,0,314-0.png
1.1,1.77,11.84,14.17,13.45,4.94,1,0,1,0,1,0,0,315-0.png
0.1,2.48,13.4,7.82,13.45,5.19,1,0,1,0,1,0,0,315-1.png
0.0,3.39,17.28,8.36,13.45,4.68,1,0,1,0,1,0,0,315-2.png
0.0,9.92,12.31,15.86,13.45,5.77,1,0,1,0,1,0,0,315-3.png
0.1,3.83,14.16,18.96,13.45,4.99,1,0,1,0,1,0,0,315-4.png
0.0,3.87,17.03,14.38,13.45,4.46,1,0,1,0,1,0,0,315-5.png
0.1,5.76,16.49,18.12,13.45,5.78,1,0,1,0,1,0,0,315-6.png
0.1,3.31,11.89,2.62,13.75,9.1,1,0,1,0,1,0,0,316-0.png
0.6,3.86,15.05,-4.5,13.45,5.35,1,0,1,0,1,0,0,317-0.png
-1.0,1.82,14.9,-13.64,21.29,3.6,1,0,1,0,1,0,0,318-0.png
0.3,2.51,10.76,1.8,12.19,4.85,1,0,1,0,1,0,0,319-0.png
0.0,4.31,16.38,-10.81,13.45,4.94,1,0,1,0,1,0,0,320-0.png
0.0,3.97,16.73,-15.26,13.45,4.84,1,0,1,0,1,0,0,320-1.png
0.0,2.51,20.21,-4.24,13.45,4.12,1,0,1,0,1,0,0,321-0.png
0.0,5.01,20.93,-16.77,13.45,3.22,1,0,1,0,1,0,0,321-1.png
0.5,4.9,19.46,-6.49,13.45,4.73,1,0,1,0,1,0,0,322-0.png
0.0,1.97,15.52,13.85,13.45,5.8,1,0,1,0,1,0,0,323-0.png
0.0,2.57,18.14,-7.73,13.45,3.88,1,0,1,0,1,0,0,324-0.png
0.2,0.0,18.69,-13.21,13.45,3.88,1,0,1,0,1,0,0,324-1.png
0.1,0.0,18.89,-6.51,13.45,4.94,1,0,1,0,1,0,0,325-0.png
0.9,2.03,13.91,-2.15,13.45,5.42,1,0,1,0,1,0,0,325-1.png
0.0,2.43,21.31,0.25,13.45,3.47,1,0,1,0,1,0,0,326-0.png
0.0,5.02,20.99,-4.35,11.76,3.58,1,0,1,0,1,0,0,327-0.png
0.0,0.47,20.39,-22.57,13.45,4.17,1,0,1,0,1,0,0,328-0.png
0.0,7.15,20.49,-22.64,14.93,4.17,1,0,1,0,1,0,0,328-1.png
0.1,4.42,18.64,-5.55,13.45,5.29,1,0,1,0,1,0,0,329-0.png
0.4,3.53,19.17,-3.66,12.61,5.12,1,0,1,0,1,0,0,329-1.png
0.0,7.95,17.95,-6.54,13.45,3.07,1,0,1,0,1,0,0,330-0.png
0.3,7.7,21.16,-14.6,12.52,2.41,1,1,1,0,1,1,0,330-1.png
0.0,8.84,16.09,-9.53,13.45,2.75,1,0,1,0,1,0,0,330-2.png
0.0,8.44,17.69,-4.99,13.45,2.9,1,0,1,0,1,0,0,330-3.png
0.0,4.45,17.92,3.32,13.45,5.41,1,0,1,0,1,0,0,331-0.png
0.3,2.11,18.97,24.16,13.45,4.5,1,0,1,0,1,0,0,332-0.png
0.1,4.87,17.13,22.95,13.45,3.95,1,0,1,0,1,0,0,332-1.png
0.0,7.11,20.11,22.01,12.1,3.88,1,0,1,0,1,0,0,332-2.png
0.0,4.1,19.36,21.74,13.45,3.9,1,0,1,0,1,0,0,332-3.png
0.0,6.22,20.39,21.05,13.45,4.03,1,0,1,0,1,0,0,332-4.png
0.2,4.56,14.97,20.12,13.45,3.72,1,0,1,0,1,0,0,332-5.png
0.0,4.87,16.14,10.23,12.24,3.47,1,0,1,0,1,0,0,332-6.png
0.1,2.17,20.94,12.51,13.45,3.47,1,0,1,0,1,0,0,332-7.png
0.0,1.05,15.66,0.1,13.05,5.54,1,0,1,0,1,0,0,333-0.png
0.0,1.14,15.95,-0.2,13.45,5.87,1,0,1,0,1,0,0,333-1.png
0.0,4.13,14.81,0.31,13.05,5.74,1,0,1,0,1,0,0,333-2.png
0.8,1.37,18.11,-5.46,13.45,5.33,1,0,1,0,1,0,0,333-3.png
0.1,8.25,19.47,-6.03,13.45,5.67,1,0,1,0,1,0,0,333-4.png
0.4,3.82,34.01,-6.25,13.45,5.33,1,0,1,0,1,0,0,333-5.png
-1.0,1.71,18.07,-5.11,13.45,5.09,1,0,1,0,1,0,0,333-6.png
6.0,1.6,3.0,-26.57,46.12,2.92,1,0,0,0,0,0,0,333-7.png
0.3,3.76,19.27,-1.44,13.45,5.38,1,0,1,0,1,0,0,333-8.png
0.0,2.22,21.38,-12.08,13.47,3.02,1,0,1,0,1,0,0,334-0.png
0.0,4.69,21.4,-7.39,14.05,2.96,1,0,1,0,1,0,0,334-1.png
0.7,6.04,21.09,-11.18,12.84,3.53,1,0,1,0,1,0,0,334-2.png
0.0,4.23,21.11,-8.42,13.45,3.22,1,0,1,0,1,0,0,334-3.png
0.2,7.03,21.38,-5.71,13.39,3.06,1,0,1,0,1,0,0,334-4.png
0.0,3.26,24.29,-7.06,12.02,3.06,1,0,1,0,1,0,0,334-5.png
0.0,4.79,21.16,-8.01,12.87,3.41,1,0,1,0,1,0,0,334-6.png
0.0,4.79,21.58,-2.33,13.14,3.08,1,0,1,0,1,0,0,334-7.png
-10.7,0.0,15.87,-0.29,37.04,2.56,1,0,0,1,1,0,0,334-8.png
0.9,4.69,19.9,4.69,13.45,3.9,1,0,1,0,1,0,0,335-0.png
0.5,3.6,13.87,-1.35,13.45,4.07,1,0,1,0,1,0,0,335-1.png
0.4,3.76,20.31,1.92,13.45,4.0,1,0,1,0,1,0,0,335-2.png
-11.2,0.0,9.88,-2.6,53.67,3.26,1,0,0,1,1,0,0,335-3.png
0.2,2.7,19.4,1.2,13.45,4.27,1,0,1,0,1,0,0,335-4.png
0.0,3.76,20.11,6.16,13.45,4.67,1,0,1,0,1,0,0,335-5.png
0.3,4.68,20.25,2.96,13.45,3.92,1,0,1,0,1,0,0,335-6.png
0.0,5.13,20.41,5.79,13.45,3.98,1,0,1,0,1,0,0,335-7.png
0.0,3.46,17.2,-14.71,13.45,4.47,1,0,1,0,1,0,0,336-0.png
0.0,5.02,19.75,-10.36,13.45,4.28,1,0,1,0,1,0,0,336-1.png
0.0,6.73,19.61,-12.07,13.45,3.94,1,0,1,0,1,0,0,336-2.png
0.2,5.15,13.11,-17.24,13.45,4.18,1,0,1,0,1,0,0,336-3.png
0.2,11.83,17.68,-13.84,13.45,4.08,1,0,1,0,1,0,0,336-4.png
0.3,7.37,20.46,-20.77,13.45,4.06,1,0,1,0,1,0,0,336-5.png
0.2,4.9,10.41,-12.8,13.45,4.12,1,0,1,0,1,0,0,336-6.png
0.5,5.25,13.35,-13.02,13.45,4.0,1,0,1,0,1,0,0,336-7.png
0.2,5.13,19.81,-7.68,13.45,4.18,1,0,1,0,1,0,0,336-8.png
0.0,1.76,17.17,-25.88,13.45,3.92,1,0,1,0,1,0,0,337-0.png
0.5,4.69,16.64,-25.34,13.45,3.63,1,0,1,0,1,0,0,337-1.png
0.2,7.25,12.96,-25.9,13.45,3.68,1,0,1,0,1,0,0,337-2.png
0.1,3.88,14.74,-24.71,13.45,4.23,1,0,1,0,1,0,0,337-3.png
0.3,2.22,14.41,-26.21,13.45,3.62,1,0,1,0,1,0,0,337-4.png
0.3,6.58,15.08,-23.8,13.45,3.57,1,0,1,0,1,0,0,337-5.png
0.0,4.1,15.7,-24.74,13.45,3.59,1,0,1,0,1,0,0,337-6.png
0.3,4.56,17.64,-25.91,13.45,3.59,1,0,1,0,1,0,0,337-7.png
0.2,4.45,11.85,-26.57,13.45,4.0,1,0,1,0,1,0,0,337-8.png
0.0,2.94,17.33,9.16,13.45,4.41,1,0,1,0,1,0,0,338-0.png
0.3,3.43,16.28,11.3,13.45,4.59,1,0,1,0,1,0,0,338-1.png
0.6,3.69,13.58,19.4,13.45,4.44,1,0,1,0,1,0,0,338-2.png
0.6,5.02,15.81,10.93,13.45,4.84,1,0,1,0,1,0,0,338-3.png
0.4,3.16,19.53,13.36,13.45,4.47,1,0,1,0,1,0,0,338-4.png
0.6,3.56,19.4,16.92,13.45,4.59,1,0,1,0,1,0,0,338-5.png
0.1,5.13,19.19,11.97,13.45,4.53,1,0,1,0,1,0,0,338-6.png
0.0,3.09,15.8,9.53,13.45,4.29,1,0,1,0,1,0,0,338-7.png
0.0,3.78,19.87,14.68,13.45,4.37,1,0,1,0,1,0,0,338-8.png
0.6,4.22,19.6,-0.65,13.45,4.42,1,0,1,0,1,0,0,339-0.png
0.2,6.39,19.81,-8.44,13.45,4.5,1,0,1,0,1,0,0,339-1.png
0.0,8.78,19.96,-10.19,13.45,4.37,1,0,1,0,1,0,0,339-2.png
0.0,8.78,12.91,-2.01,13.45,3.26,1,0,1,0,1,0,0,339-3.png
0.5,5.61,19.45,-1.23,13.45,4.8,1,0,1,0,1,0,0,339-4.png
0.0,3.76,19.95,-3.84,13.45,4.48,1,0,1,0,1,0,0,339-5.png
0.0,6.97,19.69,2.34,12.32,4.48,1,0,1,0,1,0,0,339-6.png
0.4,6.27,19.95,-4.08,11.7,4.5,1,0,1,0,1,0,0,339-7.png
0.3,6.73,19.58,-3.27,13.45,4.83,1,0,1,0,1,0,0,339-8.png
0.2,6.29,19.85,-5.53,13.45,4.67,1,0,1,0,1,0,0,339-9.png
0.0,3.72,18.34,3.82,13.45,3.47,1,0,1,0,1,0,0,340-0.png
0.0,6.27,20.63,7.72,13.45,3.55,1,0,1,0,1,0,0,340-1.png
0.0,6.39,17.23,5.15,13.45,3.2,1,0,1,0,1,0,0,340-2.png
0.2,4.22,20.37,6.16,13.45,3.36,1,0,1,0,1,0,0,340-3.png
0.3,5.86,15.7,4.15,13.45,3.35,1,0,1,0,1,0,0,340-4.png
0.0,4.68,7.58,1.81,13.45,3.6,1,0,1,0,1,0,0,340-5.png
0.5,4.56,12.55,9.33,11.65,3.45,1,0,1,0,1,0,0,340-6.png
0.0,3.99,17.46,2.29,13.45,3.49,1,0,1,0,1,0,0,340-7.png
0.0,1.29,17.88,17.76,13.45,6.38,1,0,1,0,1,0,0,341-0.png
0.3,2.98,17.99,20.83,13.45,5.91,1,0,1,0,1,0,0,341-2.png
0.4,6.58,17.17,13.79,12.47,6.55,1,0,1,0,1,0,0,341-3.png
0.6,2.86,15.8,18.92,12.06,5.68,1,0,1,0,1,0,0,341-4.png
-1.0,1.41,16.93,18.83,13.45,6.2,1,0,1,0,1,0,0,341-5.png
-1.0,5.3,16.64,22.08,12.25,5.68,1,0,1,0,1,0,0,341-6.png
0.6,4.12,17.69,21.02,13.41,5.67,1,0,1,0,1,0,0,341-7.png
0.8,3.31,18.08,19.91,12.83,5.51,1,0,1,0,1,0,0,341-8.png
0.4,4.45,17.55,17.72,14.25,5.41,1,0,1,0,1,0,0,341-9.png
0.6,9.87,18.46,-8.28,11.47,4.51,1,0,1,0,1,0,0,342-0.png
0.3,4.33,17.69,-11.39,13.45,4.27,1,0,1,0,1,0,0,342-1.png
0.0,5.25,20.04,-12.2,13.45,4.5,1,0,1,0,1,0,0,342-2.png
0.5,3.99,13.17,-15.29,13.45,4.48,1,0,1,0,1,0,0,342-3.png
0.0,10.34,19.71,-11.79,13.45,4.47,1,0,1,0,1,0,0,342-4.png
0.0,5.96,15.73,-5.09,13.45,4.66,1,0,1,0,1,0,0,342-5.png
0.3,4.0,16.87,-6.84,12.03,4.46,1,0,1,0,1,0,0,342-6.png
0.0,4.0,19.93,-7.97,13.45,4.38,1,0,1,0,1,0,0,342-7.png
0.8,3.55,16.05,-9.25,13.31,4.56,1,0,1,0,1,0,0,342-8.png
0.0,3.98,21.42,4.42,13.45,3.31,1,0,1,0,1,0,0,343-0.png
0.3,6.04,20.74,6.78,13.45,3.75,1,0,1,0,1,0,0,343-1.png
0.0,8.44,15.7,7.71,13.45,3.4,1,0,1,0,1,0,0,343-2.png
0.0,5.26,18.54,5.62,12.06,3.05,1,0,1,0,1,0,0,343-3.png
-1.0,2.56,19.97,14.46,13.45,3.3,1,0,1,0,1,0,0,343-4.png
0.2,8.17,20.63,9.97,11.46,3.58,1,0,1,0,1,0,0,343-5.png
0.7,6.27,19.54,3.33,13.45,3.98,1,0,1,0,1,0,0,343-6.png
-1.0,6.64,21.05,7.01,13.45,3.35,1,0,1,0,1,0,0,343-7.png
0.6,6.52,20.26,1.41,13.45,4.09,1,0,1,0,1,0,0,343-8.png
0.0,2.12,19.87,9.38,13.45,3.62,1,0,1,0,1,0,0,344-0.png
0.0,2.39,19.5,17.35,13.45,3.66,1,0,1,0,1,0,0,344-1.png
0.2,3.65,20.42,14.63,13.45,3.44,1,0,1,0,1,0,0,344-10.png
0.4,1.67,18.34,17.64,13.45,4.32,1,0,1,0,1,0,0,344-2.png
0.3,0.8,11.59,14.53,13.45,3.63,1,0,1,0,1,0,0,344-3.png
0.0,1.17,17.6,18.05,13.45,3.62,1,0,1,0,1,0,0,344-4.png
0.0,3.78,16.75,19.38,13.45,3.6,1,0,1,0,1,0,0,344-5.png
0.0,0.82,17.88,21.24,13.45,6.26,1,0,1,0,1,0,0,344-6.png
0.2,5.69,14.99,25.76,13.45,6.29,1,0,1,0,1,0,0,344-7.png
0.2,2.62,20.24,11.34,13.45,3.48,1,0,1,0,1,0,0,344-8.png
0.0,1.6,20.5,14.33,13.45,3.64,1,0,1,0,1,0,0,344-9.png
0.2,0.12,17.88,21.92,13.45,6.11,1,0,1,0,1,0,0,345-0.png
0.0,2.39,17.04,21.66,13.45,6.76,1,0,1,0,1,0,0,345-1.png
-1.0,5.11,14.06,20.61,13.45,6.19,1,0,1,0,1,0,0,345-2.png
0.0,2.74,17.92,26.01,13.45,6.44,1,0,1,0,1,0,0,345-3.png
0.0,3.52,18.03,23.76,13.45,6.35,1,0,1,0,1,0,0,345-4.png
0.0,3.42,18.78,20.69,13.45,5.71,1,0,1,0,1,0,0,345-5.png
0.2,2.74,17.14,24.73,13.45,6.79,1,0,1,0,1,0,0,345-6.png
0.3,3.15,17.04,16.88,13.45,5.07,1,0,1,0,1,0,0,346-0.png
0.3,5.38,15.64,15.59,13.45,4.68,1,0,1,0,1,0,0,346-1.png
0.5,7.48,16.43,15.57,13.45,5.41,1,0,1,0,1,0,0,346-2.png
0.9,5.26,15.49,16.48,13.45,5.53,1,0,1,0,1,0,0,346-3.png
0.6,3.16,16.58,16.24,13.45,5.23,1,0,1,0,1,0,0,346-4.png
0.4,6.76,17.28,13.57,13.45,5.29,1,0,1,0,1,0,0,346-5.png
0.0,4.92,18.38,17.36,13.45,4.37,1,0,1,0,1,0,0,346-6.png
0.0,6.16,13.99,15.15,13.45,4.59,1,0,1,0,1,0,0,346-7.png
0.7,5.49,17.44,14.95,13.45,4.61,1,0,1,0,1,0,0,346-8.png
0.0,1.64,18.25,-2.86,13.45,6.35,1,0,1,0,1,0,0,347-0.png
0.4,4.45,18.34,-7.49,13.45,6.15,1,0,1,0,1,0,0,347-1.png
0.3,6.36,18.06,-4.23,13.45,6.41,1,0,1,0,1,0,0,347-2.png
0.5,4.22,16.02,-7.44,13.45,6.0,1,0,1,0,1,0,0,347-3.png
0.5,2.22,16.09,-5.47,13.45,6.23,1,0,1,0,1,0,0,347-4.png
0.2,5.62,18.17,-6.28,13.45,6.42,1,0,1,0,1,0,0,347-5.png
0.1,4.1,36.8,-4.24,13.45,6.05,1,0,1,0,1,0,0,347-6.png
0.2,4.22,15.05,-6.52,13.45,6.47,1,0,1,0,1,0,0,347-7.png
0.0,3.62,33.66,-5.11,13.45,5.82,1,0,1,0,1,0,0,347-8.png
0.0,4.33,19.97,-17.28,13.45,4.19,1,0,1,0,1,0,0,348-0.png
0.0,6.96,17.05,-18.03,13.45,4.03,1,0,1,0,1,0,0,348-1.png
0.1,1.44,13.46,-21.07,13.45,3.94,1,0,1,0,1,0,0,348-2.png
0.0,6.5,20.11,-13.38,13.45,4.2,1,0,1,0,1,0,0,348-3.png
0.0,4.57,18.3,-19.54,13.45,3.99,1,0,1,0,1,0,0,348-4.png
0.2,1.67,20.32,-18.84,13.45,4.03,1,0,1,0,1,0,0,348-5.png
0.3,7.21,20.52,-19.32,13.45,4.1,1,0,1,0,1,0,0,348-6.png
0.2,7.41,16.98,-15.66,13.45,4.69,1,0,1,0,1,0,0,348-7.png
0.3,7.21,20.51,-19.59,13.45,4.08,1,0,1,0,1,0,0,348-8.png
0.4,4.8,21.96,-24.73,12.46,2.52,1,0,1,0,1,0,0,349-0.png
0.3,6.98,22.22,-4.63,12.29,2.41,1,1,1,0,1,1,0,349-1.png
0.0,8.26,21.52,-14.36,13.59,2.35,1,1,1,0,1,1,0,349-2.png
0.0,8.23,22.05,-7.39,11.48,2.51,1,0,1,0,1,0,0,349-3.png
0.0,9.15,0.0,3.38,13.45,4.85,1,0,1,0,0,0,0,349-4.png
0.0,7.21,22.22,0.29,15.87,2.65,1,0,1,0,1,0,1,349-5.png
0.0,10.75,21.52,-0.29,12.7,2.0,1,1,1,0,1,0,0,349-6.png
0.0,7.41,22.22,-7.77,11.41,2.2,1,1,1,0,1,1,0,349-7.png
0.0,4.51,21.16,-12.69,13.23,2.49,1,1,1,0,1,1,0,349-8.png
0.0,0.24,18.25,22.67,13.45,2.7,1,0,1,0,1,0,1,350-0.png
0.0,1.07,20.99,25.21,13.45,2.86,1,0,1,0,1,0,1,350-1.png
0.2,1.37,20.05,18.13,13.45,3.22,1,0,1,0,1,0,0,350-2.png
0.0,0.22,15.7,25.73,13.45,3.26,1,0,1,0,1,0,0,350-3.png
0.0,2.78,19.05,-18.32,13.45,5.6,1,0,1,0,1,0,0,351-0.png
0.4,2.47,19.05,-13.59,13.45,5.64,1,0,1,0,1,0,0,351-1.png
0.0,1.02,18.85,-16.66,13.45,5.69,1,0,1,0,1,0,0,351-2.png
0.0,1.35,22.72,-17.51,13.45,5.07,1,0,1,0,1,0,0,351-3.png
0.0,2.78,18.4,-15.08,13.45,5.64,1,0,1,0,1,0,0,351-4.png
-1.0,1.37,12.52,20.98,13.45,5.19,1,0,1,0,1,0,0,352-0.png
0.0,1.37,19.44,22.16,13.45,4.79,1,0,1,0,1,0,0,352-1.png
0.3,3.46,19.11,25.68,13.45,5.23,1,0,1,0,1,0,0,352-2.png
-1.0,1.37,17.56,23.33,13.45,4.85,1,0,1,0,1,0,0,352-3.png
0.4,3.14,19.22,22.27,13.45,4.94,1,0,1,0,1,0,0,352-4.png
0.0,3.16,17.88,1.74,13.45,4.43,1,0,1,0,1,0,0,353-0.png
0.0,1.37,19.75,-2.51,13.45,4.09,1,0,1,0,1,0,0,353-1.png
0.0,1.2,19.51,3.2,13.45,4.07,1,0,1,0,1,0,0,353-2.png
0.0,0.96,19.37,3.81,13.45,3.97,1,0,1,0,1,0,0,353-3.png
0.0,1.37,19.65,8.54,13.45,3.84,1,0,1,0,1,0,0,353-4.png
0.0,1.35,18.39,-8.87,14.24,5.48,1,0,1,0,1,0,0,354-0.png
0.0,2.81,18.3,-5.72,14.02,5.54,1,0,1,0,1,0,0,354-1.png
0.0,0.0,18.38,-5.26,12.65,5.57,1,0,1,0,1,0,0,354-2.png
0.0,0.23,18.66,-8.77,12.31,5.48,1,0,1,0,1,0,0,354-3.png
0.5,1.25,18.19,-4.49,13.72,5.11,1,0,1,0,1,0,0,354-4.png
0.0,3.63,20.22,7.79,13.45,2.67,1,0,1,0,1,0,1,355-0.png
0.0,0.91,20.46,13.08,13.45,2.94,1,0,1,0,1,0,1,355-1.png
0.0,1.78,16.34,5.92,13.45,2.5,1,0,1,0,1,1,1,355-2.png
0.0,1.42,18.66,-3.82,13.45,2.61,1,0,1,0,1,0,0,355-3.png
0.0,3.46,20.67,7.38,13.45,2.7,1,0,1,0,1,0,1,355-4.png
0.1,8.05,14.36,21.72,13.45,5.39,1,0,1,0,1,0,0,356-0.png
0.3,4.75,12.03,21.5,13.45,5.32,1,0,1,0,1,0,0,356-1.png
0.1,1.39,17.49,0.95,13.45,3.99,1,0,1,0,1,0,0,357-0.png
0.0,1.31,19.58,-2.2,13.45,3.91,1,0,1,0,1,0,0,357-1.png
0.0,1.85,20.4,-0.42,13.45,3.82,1,0,1,0,1,0,0,357-2.png
0.2,9.94,17.06,8.68,13.45,3.91,1,0,1,0,1,0,0,359-0.png
0.0,2.67,15.8,12.23,13.45,4.81,1,0,1,0,1,0,0,360-0.png
0.0,8.48,16.03,-6.57,13.45,6.08,1,0,1,0,1,0,0,361-0.png
0.0,4.78,19.89,6.06,13.45,4.87,1,0,1,0,1,0,0,362-0.png
0.1,3.24,19.46,-3.92,13.45,4.73,1,0,1,0,1,0,0,363-0.png
0.0,7.76,13.8,-18.32,12.75,7.1,1,0,1,0,1,0,0,364-0.png
0.1,3.98,17.75,-5.46,13.45,6.26,1,0,1,0,1,0,0,364-1.png
0.1,3.11,18.81,26.02,13.45,5.57,1,0,1,0,1,0,0,365-0.png
0.0,4.5,18.25,-8.35,13.45,4.04,1,0,1,0,1,0,0,366-0.png
0.5,2.15,20.46,-20.64,13.45,4.1,1,0,1,0,1,0,0,367-0.png
0.4,3.03,20.66,24.99,11.82,3.36,1,0,1,0,1,0,0,368-0.png
0.0,2.27,20.41,-3.03,13.45,4.2,1,0,1,0,1,0,0,369-0.png
0.0,8.86,19.52,-20.05,13.45,5.11,1,0,1,0,1,0,0,370-0.png
0.0,2.96,21.12,11.65,13.75,3.24,1,0,1,0,1,0,0,371-0.png
0.0,5.4,16.3,21.22,13.45,6.17,1,0,1,0,1,0,0,372-0.png
0.0,4.69,17.86,11.6,13.45,3.4,1,0,1,0,1,0,0,373-0.png
0.4,1.43,20.4,18.31,13.45,4.28,1,0,1,0,1,0,0,375-0.png
1.3,9.09,13.26,-5.34,19.9,4.08,1,0,1,0,1,0,0,376-0.png
0.8,0.48,19.2,-4.54,13.45,4.12,1,0,1,0,1,0,0,377-0.png
0.0,8.86,21.16,2.83,12.82,3.57,1,0,1,0,1,0,0,378-0.png
0.2,5.38,20.97,-2.09,13.45,3.68,1,0,1,0,1,0,0,379-0.png
0.0,13.04,20.86,-7.57,13.45,3.71,1,0,1,0,1,0,0,379-1.png
0.0,2.75,20.34,23.71,13.45,4.4,1,0,1,0,1,0,0,380-0.png
0.0,2.43,19.68,21.88,13.45,4.87,1,0,1,0,1,0,0,380-1.png
0.0,0.7,14.39,22.85,13.45,5.06,1,0,1,0,1,0,0,382-0.png
0.8,0.0,12.23,23.46,13.45,4.89,1,0,1,0,1,0,0,382-1.png
0.0,11.42,17.75,-25.88,13.45,3.78,1,0,1,0,1,0,0,383-0.png
0.0,1.79,10.49,-25.53,13.45,3.85,1,0,1,0,1,0,0,383-1.png
0.0,2.49,16.14,7.83,13.45,5.57,1,0,1,0,1,0,0,384-0.png
0.5,1.19,16.58,4.28,13.45,5.9,1,0,1,0,1,0,0,384-1.png
0.3,2.51,16.51,0.33,13.45,6.24,1,0,1,0,1,0,0,384-2.png
0.0,0.92,18.47,4.97,13.45,6.42,1,0,1,0,1,0,0,384-3.png
0.0,1.48,18.66,1.89,13.45,5.96,1,0,1,0,1,0,0,384-4.png
0.4,4.8,18.4,-0.13,12.07,5.87,1,0,1,0,1,0,0,384-5.png
0.4,2.28,18.52,-1.08,13.45,6.08,1,0,1,0,1,0,0,384-6.png
0.6,2.62,13.02,5.34,13.45,5.98,1,0,1,0,1,0,0,384-7.png
0.1,3.19,17.28,3.71,13.45,5.67,1,0,1,0,1,0,0,384-8.png
0.0,0.58,16.71,-0.58,13.45,6.39,1,0,1,0,1,0,0,384-9.png
0.0,2.65,16.12,20.21,13.45,5.58,1,0,1,0,1,0,0,385-0.png
-1.0,10.31,17.02,20.47,13.45,6.67,1,0,1,0,1,0,0,385-1.png
0.0,0.91,15.43,21.77,13.45,5.96,1,0,1,0,1,0,0,385-2.png
0.0,1.35,15.7,22.27,13.45,6.55,1,0,1,0,1,0,0,385-3.png
0.0,1.35,15.95,21.11,13.45,6.0,1,0,1,0,1,0,0,385-4.png
0.0,1.35,19.19,24.11,13.45,5.71,1,0,1,0,1,0,0,386-0.png
0.0,3.21,19.44,16.91,13.45,5.56,1,0,1,0,1,0,0,386-1.png
0.0,9.26,17.4,18.46,13.45,5.5,1,0,1,0,1,0,0,386-3.png
0.0,10.03,19.24,15.1,13.45,5.55,1,0,1,0,1,0,0,386-4.png
0.0,3.21,19.2,22.63,13.45,6.0,1,0,1,0,1,0,0,386-5.png
0.2,3.03,19.05,20.91,13.45,4.37,1,0,1,0,1,0,0,387-0.png
0.0,2.66,19.54,16.27,13.45,4.52,1,0,1,0,1,0,0,387-1.png
0.1,3.35,19.28,24.18,13.45,4.46,1,0,1,0,1,0,0,387-2.png
0.0,2.08,19.65,20.69,13.45,3.81,1,0,1,0,1,0,0,387-3.png
-1.0,1.88,15.34,22.95,12.18,3.8,1,0,1,0,1,0,0,387-4.png
0.0,1.04,18.1,24.78,13.45,3.91,1,0,1,0,1,0,0,388-0.png
0.0,1.43,20.41,25.1,13.45,3.88,1,0,1,0,1,0,0,388-1.png
0.0,1.39,20.28,21.0,13.45,4.41,1,0,1,0,1,0,0,388-2.png
0.0,0.23,19.27,-9.69,13.45,4.92,1,0,1,0,1,0,0,389-0.png
0.0,1.13,19.15,-8.62,13.45,4.69,1,0,1,0,1,0,0,389-1.png
0.0,0.46,20.02,-10.41,13.45,4.37,1,0,1,0,1,0,0,389-2.png
0.0,6.04,14.73,-8.92,13.45,5.0,1,0,1,0,1,0,0,389-4.png
0.0,0.79,19.68,-14.0,13.45,4.7,1,0,1,0,1,0,0,389-5.png
-1.0,1.98,15.66,-1.01,11.72,5.95,1,0,1,0,1,0,0,390-0.png
-1.0,7.2,12.54,2.86,13.45,6.33,1,0,1,0,1,0,0,390-1.png
0.0,1.35,16.33,-5.73,13.45,5.24,1,0,1,0,1,0,0,390-2.png
-1.0,3.46,17.64,2.76,13.45,6.06,1,0,1,0,1,0,0,390-3.png
0.0,1.85,17.32,-1.04,13.45,5.66,1,0,1,0,1,0,0,390-4.png
0.0,3.42,20.69,24.27,12.54,3.3,1,0,1,0,1,0,0,391-0.png
0.0,8.51,19.79,25.1,13.45,3.45,1,0,1,0,1,0,0,391-1.png
0.0,1.35,19.95,23.45,13.45,3.39,1,0,1,0,1,0,0,391-2.png
0.0,1.24,20.07,25.33,11.55,3.43,1,0,1,0,1,0,0,391-3.png
0.0,5.56,20.18,20.73,13.45,3.6,1,0,1,0,1,0,0,391-4.png
0.0,1.35,17.94,10.79,13.45,5.48,1,0,1,0,1,0,0,392-0.png
0.0,1.36,15.56,7.83,13.38,5.71,1,0,1,0,1,0,0,392-1.png
0.0,4.73,17.72,4.94,13.45,5.59,1,0,1,0,1,0,0,392-2.png
-1.0,0.0,16.81,8.44,13.45,4.7,1,0,1,0,1,0,0,392-3.png
0.0,4.69,20.63,-8.61,13.45,3.64,1,0,1,0,1,0,0,393-0.png
0.0,3.15,17.44,-1.41,13.45,4.1,1,0,1,0,1,0,0,393-1.png
0.0,1.36,18.12,7.79,13.45,3.84,1,0,1,0,1,0,0,393-2.png
0.0,1.37,19.58,-1.16,13.45,4.59,1,0,1,0,1,0,0,393-3.png
0.0,3.42,13.99,-5.42,13.45,4.2,1,0,1,0,1,0,0,393-4.png
0.2,5.14,0.0,3.38,13.45,4.85,1,0,1,0,0,0,0,394-0.png
0.0,4.66,22.22,0.29,12.23,2.47,1,0,1,0,1,1,0,394-1.png
0.0,0.22,20.36,-6.78,13.45,4.39,1,0,1,0,1,0,0,395-0.png
0.0,2.54,10.23,18.44,13.45,4.14,1,0,1,0,1,0,0,396-0.png
0.0,2.32,19.05,21.85,13.45,4.85,1,0,1,0,1,0,0,397-0.png
0.0,2.15,18.47,26.17,13.45,5.69,1,0,1,0,1,0,0,398-0.png
0.5,7.01,17.99,-9.03,13.45,5.62,1,0,1,0,1,0,0,399-0.png
0.1,1.63,18.12,10.18,13.45,6.22,1,0,1,0,1,0,0,400-0.png
0.0,5.82,20.38,-18.37,13.45,4.44,1,0,1,0,1,0,0,401-0.png
0.3,4.33,16.53,9.81,13.45,5.71,1,0,1,0,1,0,0,402-0.png
0.1,3.94,19.28,-2.66,13.45,5.0,1,0,1,0,1,0,0,403-0.png
0.0,2.22,19.36,-6.6,13.45,5.2,1,0,1,0,1,0,0,403-1.png
0.0,4.43,20.56,3.47,13.45,3.79,1,0,1,0,1,0,0,404-0.png
0.1,1.52,20.37,-16.88,13.45,4.21,1,0,1,0,1,0,0,405-0.png
0.2,4.78,20.18,-14.55,13.45,4.28,1,0,1,0,1,0,0,405-1.png
0.0,1.75,14.32,-10.63,13.45,5.29,1,0,1,0,1,0,0,406-0.png
0.0,5.32,20.99,2.78,12.0,3.62,1,0,1,0,1,0,0,407-0.png
0.0,7.24,21.16,-1.44,11.65,3.57,1,0,1,0,1,0,0,408-0.png
0.0,2.93,21.06,-4.04,13.45,3.35,1,0,1,0,1,0,0,408-1.png
0.4,3.11,17.67,8.59,13.45,6.61,1,0,1,0,1,0,0,409-0.png
0.1,2.69,17.11,12.51,13.45,6.98,1,0,1,0,1,0,0,409-1.png
0.0,0.66,20.66,-0.63,12.41,3.65,1,0,1,0,1,0,0,410-0.png
0.2,4.08,20.46,13.08,13.27,3.75,1,0,1,0,1,0,0,411-0.png
0.1,1.17,19.37,6.2,14.38,4.97,1,0,1,0,1,0,0,412-0.png
0.0,5.3,20.4,-13.91,13.45,3.8,1,0,1,0,1,0,0,413-0.png
0.0,4.75,19.75,-4.35,13.45,4.26,1,0,1,0,1,0,0,414-0.png
0.0,4.65,19.7,-6.55,12.51,4.59,1,0,1,0,1,0,0,414-1.png
0.0,1.27,19.26,8.29,14.31,4.32,1,0,1,0,1,0,0,415-0.png
0.0,2.51,19.33,7.39,14.21,4.52,1,0,1,0,1,0,0,415-1.png
0.9,4.16,19.13,11.37,13.87,4.37,1,0,1,0,1,0,0,415-2.png
0.0,0.35,19.54,13.67,14.62,4.45,1,0,1,0,1,0,0,415-3.png
0.0,0.0,17.96,17.45,14.42,4.33,1,0,1,0,1,0,0,415-4.png
0.0,1.4,19.01,13.99,13.45,4.49,1,0,1,0,1,0,0,415-5.png
0.0,0.0,17.46,11.76,15.24,4.49,1,0,1,0,1,0,0,415-6.png
0.0,1.87,16.09,13.71,13.45,4.88,1,0,1,0,1,0,0,416-0.png
0.0,6.0,22.08,7.44,12.56,2.4,1,0,1,0,1,1,0,417-0.png
1.0,5.01,17.44,12.13,12.36,3.88,1,0,1,0,1,0,0,418-0.png
0.0,4.2,15.31,18.21,13.45,6.94,1,0,1,0,1,0,0,419-0.png
0.0,13.36,20.55,26.19,13.45,3.28,1,0,1,0,1,0,0,420-0.png
0.0,4.9,8.7,12.69,11.55,2.51,1,0,1,0,1,0,1,420-1.png
0.0,3.95,17.06,21.03,13.45,5.1,1,0,1,0,1,0,0,421-0.png
0.0,4.1,14.36,-7.02,13.45,7.55,1,0,1,0,1,0,0,422-0.png
0.0,9.71,16.18,4.64,13.45,8.29,1,0,1,0,1,0,0,423-0.png
0.1,4.22,16.63,-4.81,13.45,6.44,1,0,1,0,1,0,0,424-0.png
0.0,3.77,15.6,20.29,13.11,4.4,1,0,1,0,1,0,0,425-0.png
0.3,4.45,20.53,18.87,13.45,4.23,1,0,1,0,1,0,0,426-0.png
0.6,2.46,19.84,16.98,13.71,4.26,1,0,1,0,1,0,0,427-0.png
0.1,2.89,20.34,-23.22,13.45,4.19,1,0,1,0,1,0,0,428-0.png
0.1,5.23,19.17,-4.47,11.98,5.26,1,0,1,0,1,0,0,429-0.png
0.0,1.04,17.37,-6.64,13.45,6.27,1,0,1,0,1,0,0,430-0.png
0.0,3.03,17.83,15.98,13.45,4.55,1,0,1,0,1,0,0,431-0.png
0.0,10.37,20.58,21.31,13.45,3.41,1,0,1,0,1,0,0,432-0.png
0.0,3.77,12.7,23.42,15.44,4.74,1,0,1,0,1,0,0,433-0.png
0.1,2.13,15.12,22.66,13.45,3.14,1,0,1,0,1,0,0,434-0.png
0.0,2.73,15.52,6.29,13.45,3.4,1,0,1,0,1,0,0,435-0.png
0.0,3.96,20.28,-24.58,13.45,4.49,1,0,1,0,1,0,0,436-0.png
0.2,4.9,17.35,-6.65,13.45,6.75,1,0,1,0,1,0,0,439-0.png
0.0,3.12,17.7,-4.15,13.45,6.43,1,0,1,0,1,0,0,439-1.png
0.0,6.95,14.14,-4.2,15.75,3.93,1,0,1,0,1,0,0,440-0.png
0.0,2.22,20.4,-2.73,13.45,4.23,1,0,1,0,1,0,0,441-0.png
0.0,3.99,20.16,11.82,13.45,4.4,1,0,1,0,1,0,0,442-0.png
0.3,2.68,19.8,10.44,13.45,4.54,1,0,1,0,1,0,0,442-1.png
0.0,4.9,18.98,17.64,13.45,5.41,1,0,1,0,1,0,0,443-0.png
0.2,5.5,18.61,21.03,13.45,5.71,1,0,1,0,1,0,0,443-1.png
0.1,12.5,20.16,3.28,13.45,3.88,1,0,1,0,1,0,0,444-0.png
0.0,9.94,20.15,-1.03,13.45,4.12,1,0,1,0,1,0,0,444-1.png
0.5,7.18,20.11,8.9,13.45,3.41,1,0,1,0,1,0,0,445-0.png
0.0,10.18,21.21,-2.72,13.45,3.34,1,0,1,0,1,0,0,445-1.png
0.1,3.42,17.23,9.61,13.45,6.63,1,0,1,0,1,0,0,446-0.png
0.5,3.46,16.51,8.13,13.45,6.86,1,0,1,0,1,0,0,446-1.png
0.2,2.8,18.09,-2.65,13.45,6.0,1,0,1,0,1,0,0,447-0.png
-1.0,1.31,19.65,-10.68,13.45,5.4,1,0,1,0,1,0,0,447-1.png
0.1,5.78,20.05,-11.65,13.45,4.16,1,0,1,0,1,0,0,448-0.png
0.8,5.95,20.31,-5.92,13.45,4.15,1,0,1,0,1,0,0,448-1.png
0.0,3.98,18.64,18.7,13.45,6.1,1,0,1,0,1,0,0,449-0.png
0.2,8.28,18.64,17.1,13.45,5.95,1,0,1,0,1,0,0,449-1.png
0.4,1.4,19.47,-14.53,14.17,4.44,1,0,1,0,1,0,0,450-0.png
1.5,4.79,13.3,-14.4,12.87,4.36,1,0,1,0,1,0,0,450-1.png
0.1,4.28,10.17,10.71,13.45,6.0,1,0,1,0,1,0,0,451-0.png
0.0,1.07,18.29,12.66,13.45,5.86,1,0,1,0,1,0,0,451-1.png
0.9,5.81,19.34,-8.75,13.45,5.23,1,0,1,0,1,0,0,452-0.png
0.0,5.93,18.99,-7.26,13.45,5.5,1,0,1,0,1,0,0,452-1.png
1.2,10.59,18.52,-1.37,13.45,5.64,1,0,1,0,1,0,0,453-0.png
0.0,6.21,17.94,2.66,13.45,5.88,1,0,1,0,1,0,0,453-1.png
0.0,1.24,20.37,7.92,13.45,4.09,1,0,1,0,1,0,0,454-0.png
0.0,3.55,19.58,10.63,13.45,4.28,1,0,1,0,1,0,0,454-1.png
0.3,3.33,20.46,7.04,13.45,4.3,1,0,1,0,1,0,0,454-2.png
0.0,1.36,20.34,2.88,13.45,4.27,1,0,1,0,1,0,0,454-3.png
0.0,1.14,17.05,9.53,13.45,4.46,1,0,1,0,1,0,0,454-4.png
0.0,1.02,16.98,13.99,13.45,5.36,1,0,1,0,1,0,0,455-0.png
-1.0,3.55,18.11,7.71,13.45,6.27,1,0,1,0,1,0,0,455-1.png
0.2,3.55,18.95,3.99,13.45,5.68,1,0,1,0,1,0,0,455-2.png
1.0,3.66,18.09,7.16,13.45,6.66,1,0,1,0,1,0,0,455-3.png
0.0,3.55,14.66,15.91,13.45,6.19,1,0,1,0,1,0,0,455-4.png
0.8,3.56,15.61,14.8,14.91,4.61,1,0,1,0,1,0,0,456-0.png
0.0,5.62,29.28,22.1,15.32,5.19,1,0,1,0,1,0,0,456-1.png
0.1,3.65,21.94,20.97,16.08,5.2,1,0,1,0,1,0,0,456-2.png
0.0,1.35,17.67,20.1,16.11,5.36,1,0,1,0,1,0,0,456-3.png
1.8,1.47,15.07,19.39,15.4,5.14,1,0,1,0,1,0,0,456-4.png
0.1,1.48,12.66,20.9,13.45,11.08,1,0,1,0,1,0,0,457-0.png
0.2,9.22,19.26,-16.54,13.45,4.53,1,0,1,0,1,0,0,458-0.png
0.0,8.78,16.16,-23.77,13.45,3.59,1,0,1,0,1,0,0,458-1.png
0.0,2.55,12.87,-21.49,13.45,4.23,1,0,1,0,1,0,0,458-2.png
0.0,4.89,9.13,14.9,12.73,5.61,1,0,1,0,1,0,0,459-0.png
0.0,1.56,19.27,23.58,12.83,5.16,1,0,1,0,1,0,0,460-0.png
-1.0,0.8,5.29,20.73,13.45,6.33,1,0,1,0,1,0,0,461-0.png
0.0,0.0,19.52,18.47,13.45,4.51,1,0,1,0,1,0,0,462-0.png
0.0,5.01,22.1,-21.71,13.45,2.34,1,0,1,0,1,1,0,463-0.png
0.0,3.61,18.24,-7.85,15.55,4.04,1,0,1,0,1,0,0,464-0.png
0.0,6.14,18.52,16.68,13.85,5.53,1,0,1,0,1,0,0,465-0.png
0.0,5.12,29.56,11.15,13.45,4.98,1,0,1,0,1,0,0,466-0.png
0.0,5.61,0.0,3.38,13.45,4.85,1,0,1,0,0,0,0,467-0.png
-1.0,3.41,18.43,23.32,13.45,5.17,1,0,1,0,1,0,0,468-0.png
0.0,2.5,17.99,-13.31,13.45,5.68,1,0,1,0,1,0,0,469-0.png
0.0,4.0,20.51,19.36,13.0,3.61,1,0,1,0,1,0,0,470-0.png
0.0,0.23,18.19,5.69,13.45,6.17,1,0,1,0,1,0,0,471-0.png
0.0,0.34,14.15,-7.32,13.45,6.74,1,0,1,0,1,0,0,472-0.png
0.0,2.65,19.82,22.23,13.45,3.79,1,0,1,0,1,0,0,473-0.png
0.0,1.55,14.81,20.49,13.45,4.06,1,0,1,0,1,0,0,474-0.png
0.0,2.79,14.85,13.47,13.45,3.46,1,0,1,0,1,0,0,475-0.png
0.0,5.3,18.9,-12.88,13.45,4.66,1,0,1,0,1,0,0,476-0.png
0.0,1.51,13.68,-9.49,13.45,6.6,1,0,1,0,1,0,0,477-0.png
-1.0,3.53,12.74,5.11,13.45,6.56,1,0,1,0,1,0,0,478-0.png
0.0,8.07,20.81,-5.6,12.15,3.77,1,0,1,0,1,0,0,479-0.png
0.0,4.33,17.11,15.89,13.45,6.0,1,0,1,0,1,0,0,480-0.png
0.5,5.57,15.7,7.36,13.45,6.77,1,0,1,0,1,0,0,480-1.png
0.0,4.33,20.51,-6.33,13.45,3.93,1,0,1,0,1,0,0,481-0.png
0.0,4.45,20.11,2.99,13.45,4.25,1,0,1,0,1,0,0,481-1.png
0.0,4.12,20.5,20.91,14.75,4.07,1,0,1,0,1,0,0,482-0.png
0.1,0.0,21.12,22.95,14.56,3.62,1,0,1,0,1,0,0,482-1.png
0.0,8.44,19.36,24.69,13.45,5.0,1,0,1,0,1,0,0,483-0.png
0.0,6.06,17.75,24.46,12.08,4.75,1,0,1,0,1,0,0,483-1.png
0.1,6.59,19.81,7.5,13.45,4.67,1,0,1,0,1,0,0,484-0.png
0.0,6.81,21.6,3.7,13.45,3.24,1,0,1,0,1,0,0,484-1.png
0.0,0.0,9.95,6.44,13.45,6.23,1,0,1,0,1,0,0,485-0.png
-1.0,0.33,19.61,-15.41,13.45,4.34,1,0,1,0,1,0,0,486-0.png
-1.0,4.31,17.28,-8.89,13.45,4.32,1,0,1,0,1,0,0,486-1.png
0.3,5.79,15.72,12.36,13.45,5.21,1,0,1,0,1,0,0,487-0.png
-1.0,3.65,18.56,-1.28,11.84,5.21,1,0,1,0,1,0,0,487-1.png
0.8,4.33,20.58,-4.06,13.45,3.94,1,0,1,0,1,0,0,488-0.png
0.3,5.8,20.95,-0.29,13.45,3.68,1,0,1,0,1,0,0,488-1.png
0.0,0.0,16.67,-24.47,13.45,4.9,1,0,1,0,1,0,0,489-0.png
0.0,4.04,19.49,-24.91,13.45,4.99,1,0,1,0,1,0,0,489-1.png
0.0,4.17,19.31,24.63,13.45,4.97,1,0,1,0,1,0,0,490-0.png
0.0,12.54,17.89,25.58,13.45,3.88,1,0,1,0,1,0,0,490-1.png
0.0,4.08,19.12,15.36,13.45,5.29,1,0,1,0,1,0,0,491-0.png
0.0,0.0,17.28,2.58,13.45,5.22,1,0,1,0,1,0,0,491-1.png
0.0,3.72,20.31,11.08,13.45,4.64,1,0,1,0,1,0,0,492-0.png
0.0,1.4,19.84,13.53,13.45,4.97,1,0,1,0,1,0,0,492-1.png
0.0,3.98,19.8,-6.24,11.7,4.76,1,0,1,0,1,0,0,493-0.png
0.0,7.35,20.22,-3.08,13.45,4.44,1,0,1,0,1,0,0,493-1.png
0.0,0.65,20.67,-8.29,14.41,3.77,1,0,1,0,1,0,0,494-0.png
0.0,4.19,20.16,-3.19,12.28,3.74,1,0,1,0,1,0,0,494-1.png
0.0,3.42,15.87,5.3,13.45,3.35,1,0,1,0,1,0,0,495-0.png
0.0,3.74,19.93,1.58,13.45,3.26,1,0,1,0,1,0,0,495-1.png
0.0,3.31,19.84,2.96,13.45,3.12,1,0,1,0,1,0,0,495-2.png
0.0,3.53,16.42,16.86,14.07,5.88,1,0,1,0,1,0,0,496-0.png
0.0,3.42,14.97,16.47,14.07,6.38,1,0,1,0,1,0,0,496-1.png
0.0,5.3,12.4,10.78,16.49,5.8,1,0,1,0,1,0,0,496-2.png
0.0,0.34,17.83,13.83,16.43,5.63,1,0,1,0,1,0,0,496-3.png
0.0,4.32,15.87,-1.85,13.45,8.58,1,0,1,0,1,0,0,497-0.png
0.2,3.34,15.72,-5.11,13.45,8.77,1,0,1,0,1,0,0,497-1.png
0.0,1.24,15.92,-6.05,13.45,8.7,1,0,1,0,1,0,0,497-2.png
0.1,3.54,15.52,-8.56,13.45,8.58,1,0,1,0,1,0,0,497-3.png
0.3,6.55,18.91,-18.58,13.45,5.48,1,0,1,0,1,0,0,498-0.png
0.3,3.34,18.64,-23.23,13.45,5.69,1,0,1,0,1,0,0,498-1.png
0.0,1.35,19.49,-24.0,13.45,5.29,1,0,1,0,1,0,0,498-2.png
0.0,1.35,19.27,-22.67,13.45,5.57,1,0,1,0,1,0,0,498-3.png
0.0,0.43,17.28,-18.86,13.45,5.5,1,0,1,0,1,0,0,498-4.png
0.0,0.23,17.84,9.49,14.03,6.62,1,0,1,0,1,0,0,499-0.png
0.2,2.8,17.78,13.05,12.07,6.26,1,0,1,0,1,0,0,500-0.png
0.0,0.23,14.87,24.4,13.45,5.97,1,0,1,0,1,0,0,501-0.png
0.0,0.34,20.81,-10.16,13.45,3.49,1,0,1,0,1,0,0,502-0.png
0.0,8.59,16.89,-2.12,13.45,4.76,1,0,1,0,1,0,0,503-0.png
0.0,8.95,19.84,24.64,13.45,4.62,1,0,1,0,1,0,0,504-0.png
-1.0,3.81,16.51,7.09,12.2,4.58,1,0,1,0,1,0,0,505-0.png
0.0,3.34,16.93,3.82,13.45,7.15,1,0,1,0,1,0,0,506-0.png
0.0,0.34,14.16,-7.49,13.45,6.56,1,0,1,0,1,0,0,508-0.png
0.0,1.94,9.23,18.49,13.45,7.8,1,0,1,0,1,0,0,509-0.png
0.0,4.2,17.28,-5.13,11.92,4.79,1,0,1,0,1,0,0,510-0.png
0.0,4.17,17.38,23.13,13.45,4.32,1,0,1,0,1,0,0,511-0.png
0.0,0.23,19.1,6.85,11.49,5.24,1,0,1,0,1,0,0,512-0.png
-1.0,3.15,17.59,15.63,13.45,6.5,1,0,1,0,1,0,0,513-0.png
-1.0,3.38,14.64,13.42,13.45,7.12,1,0,1,0,1,0,0,513-1.png
0.2,1.07,20.04,21.46,16.99,3.36,1,0,1,0,1,0,0,514-0.png
0.0,0.34,12.4,-3.09,13.45,5.39,1,0,1,0,1,0,0,514-1.png
0.0,0.34,15.27,0.66,13.45,5.79,1,0,1,0,1,0,0,515-0.png
0.0,2.19,19.29,-2.63,13.47,3.86,1,0,1,0,1,0,0,516-0.png
0.0,7.43,16.58,-9.33,13.45,5.66,1,0,1,0,1,0,0,517-0.png
0.0,1.31,17.33,-2.67,13.45,4.48,1,0,1,0,1,0,0,518-0.png
0.0,0.23,15.58,22.9,13.45,5.57,1,0,1,0,1,0,0,519-0.png
2.1,0.12,16.4,19.01,13.45,4.79,1,0,1,0,1,0,0,520-0.png
0.0,2.38,7.58,15.84,13.45,6.16,1,0,1,0,1,0,0,521-0.png
0.1,3.12,16.09,-16.68,13.45,6.27,1,0,1,0,1,0,0,522-0.png
0.0,2.79,9.99,1.49,13.45,5.2,1,0,1,0,1,0,0,523-0.png
0.0,3.61,16.58,24.74,13.45,5.47,1,0,1,0,1,0,0,524-0.png
0.0,6.96,15.74,23.84,13.45,5.89,1,0,1,0,1,0,0,525-0.png
0.2,2.45,16.34,22.25,13.45,6.64,1,0,1,0,1,0,0,526-0.png
0.2,4.21,19.8,20.83,12.83,4.66,1,0,1,0,1,0,0,527-0.png
0.0,6.93,15.05,23.21,13.45,4.1,1,0,1,0,1,0,0,527-1.png
0.4,3.26,18.69,-7.09,13.45,5.75,1,0,1,0,1,0,0,528-0.png
0.0,4.57,18.69,18.08,13.45,3.75,1,0,1,0,1,0,0,529-0.png
0.2,3.5,16.7,14.6,13.45,4.23,1,0,1,0,1,0,0,530-0.png
0.0,7.0,17.46,-6.31,13.45,5.48,1,0,1,0,1,0,0,531-0.png
0.0,0.36,19.44,-25.71,13.45,4.48,1,0,1,0,1,0,0,532-0.png
0.0,4.72,19.95,-0.73,13.45,4.14,1,0,1,0,1,0,0,533-0.png
0.1,4.05,18.14,14.89,13.45,4.01,1,0,1,0,1,0,0,534-0.png
0.0,5.34,19.47,21.1,11.14,5.24,1,0,1,0,1,0,0,535-0.png
0.0,7.38,16.07,21.11,13.45,6.23,1,0,1,0,1,0,0,536-0.png
0.0,3.51,15.73,13.58,12.3,4.25,1,0,1,0,1,0,0,537-0.png
0.0,4.96,19.47,-3.55,13.45,5.2,1,0,1,0,1,0,0,538-0.png
0.0,4.06,13.7,-12.3,13.45,4.32,1,0,1,0,1,0,0,539-0.png
0.0,1.38,20.33,16.64,13.45,3.58,1,0,1,0,1,0,0,540-0.png
0.0,3.83,18.87,3.07,11.62,5.24,1,0,1,0,1,0,0,541-0.png
0.2,7.55,14.96,-3.84,13.45,5.74,1,0,1,0,1,0,0,542-0.png
0.4,2.51,15.52,-6.96,13.0,6.35,1,0,1,0,1,0,0,542-1.png
0.0,6.04,21.75,-18.41,13.45,2.47,1,0,1,0,1,1,0,543-0.png
0.1,4.85,20.31,10.32,13.45,4.16,1,0,1,0,1,0,0,544-0.png
0.0,10.74,18.83,7.5,13.76,4.82,1,0,1,0,1,0,0,544-1.png
0.0,10.31,17.68,14.4,14.48,4.37,1,0,1,0,1,0,0,544-2.png
0.0,12.8,17.59,8.02,14.2,3.89,1,0,1,0,1,0,0,544-3.png
0.0,11.89,15.34,11.91,13.85,4.19,1,0,1,0,1,0,0,544-4.png
0.0,3.92,7.32,-23.59,13.45,5.86,1,0,1,0,1,0,0,545-0.png
0.0,2.77,8.47,-25.12,13.45,5.64,1,0,1,0,1,0,0,545-1.png
0.0,7.55,10.49,-21.07,13.45,8.18,1,0,1,0,1,0,0,545-2.png
0.0,4.98,8.2,-20.97,13.45,5.58,1,0,1,0,1,0,0,545-3.png
0.0,8.27,12.78,18.06,13.45,5.58,1,0,1,0,1,0,0,546-0.png
0.0,4.85,16.63,15.25,13.45,5.42,1,0,1,0,1,0,0,546-1.png
0.0,9.1,19.47,11.13,13.45,4.82,1,0,1,0,1,0,0,546-2.png
0.0,3.0,17.72,15.41,12.66,4.61,1,0,1,0,1,0,0,546-3.png
0.0,4.96,16.83,18.86,14.67,4.95,1,0,1,0,1,0,0,546-4.png
0.0,3.23,13.76,16.01,13.45,5.76,1,0,1,0,1,0,0,547-0.png
0.1,4.27,14.18,18.59,13.45,5.19,1,0,1,0,1,0,0,547-1.png
0.0,3.9,14.71,20.27,13.45,4.75,1,0,1,0,1,0,0,547-2.png
0.0,3.61,15.39,18.35,13.45,4.9,1,0,1,0,1,0,0,547-3.png
0.0,3.92,12.89,17.1,13.45,4.52,1,0,1,0,1,0,0,547-4.png
0.0,9.58,20.87,0.68,13.45,3.3,1,0,1,0,1,0,0,548-0.png
0.0,9.46,12.9,9.67,12.56,2.97,1,0,1,0,1,0,1,548-1.png
0.0,10.5,21.11,10.59,13.45,3.06,1,0,1,0,1,0,0,548-2.png
0.0,10.5,21.16,-1.26,13.45,3.05,1,0,1,0,1,0,0,548-3.png
0.0,6.22,26.1,0.57,12.26,3.39,1,0,1,0,1,0,0,548-4.png
0.0,9.23,19.71,12.31,13.45,4.8,1,0,1,0,1,0,0,549-0.png
0.0,3.99,19.81,17.3,11.94,5.38,1,0,1,0,1,0,0,549-1.png
0.0,5.19,20.22,14.41,11.98,4.48,1,0,1,0,1,0,0,549-2.png
0.0,5.21,20.34,10.55,13.45,4.36,1,0,1,0,1,0,0,549-3.png
0.0,1.73,20.61,13.05,12.69,4.44,1,0,1,0,1,0,0,549-4.png
0.0,2.89,16.86,7.89,13.45,3.85,1,0,1,0,1,0,0,550-0.png
0.0,6.09,15.24,8.83,13.45,4.76,1,0,1,0,1,0,0,550-1.png
0.0,4.61,17.34,2.44,13.45,3.85,1,0,1,0,1,0,0,550-2.png
0.0,6.43,16.3,-6.78,13.45,3.58,1,0,1,0,1,0,0,550-3.png
0.0,6.54,21.28,4.05,13.45,3.43,1,0,1,0,1,0,0,550-4.png
0.0,4.55,18.75,6.53,13.45,2.9,1,0,1,0,1,0,1,551-0.png
0.5,7.8,21.47,19.01,13.03,2.68,1,0,1,0,1,0,1,551-1.png
0.3,4.55,16.49,16.0,12.15,2.68,1,0,1,0,1,0,1,551-2.png
0.0,4.1,21.77,18.38,12.14,2.67,1,0,1,0,1,0,1,551-3.png
0.0,1.13,21.52,10.77,13.45,2.97,1,0,1,0,1,0,1,551-4.png
0.0,8.52,21.52,6.14,11.67,2.95,1,0,1,0,1,0,1,551-5.png
0.0,7.67,21.75,7.21,11.81,2.95,1,0,1,0,1,0,1,551-6.png
0.2,4.78,15.72,-0.05,13.45,3.06,1,0,1,0,1,0,0,551-7.png
0.1,8.72,21.34,17.34,11.78,3.29,1,0,1,0,1,0,0,551-8.png
0.0,6.38,21.32,10.35,12.5,2.88,1,0,1,0,1,0,1,551-9.png
0.1,3.47,20.52,-10.63,13.45,4.23,1,0,1,0,1,0,0,552-0.png
1.2,5.81,19.61,-13.93,13.45,4.67,1,0,1,0,1,0,0,552-1.png
0.0,3.59,19.95,-2.83,13.45,4.7,1,0,1,0,1,0,0,552-2.png
0.6,6.04,20.32,-6.86,13.45,4.59,1,0,1,0,1,0,0,552-3.png
0.0,4.05,20.11,-6.54,13.45,4.55,1,0,1,0,1,0,0,552-4.png
0.0,5.64,20.28,-2.71,13.45,4.4,1,0,1,0,1,0,0,552-5.png
0.4,6.61,20.46,-2.93,13.45,4.34,1,0,1,0,1,0,0,552-6.png
0.0,4.97,19.17,-8.39,13.45,5.29,1,0,1,0,1,0,0,552-7.png
1.3,6.39,19.05,-18.08,13.45,4.41,1,0,1,0,1,0,0,552-8.png
0.1,3.67,17.91,-13.67,13.45,4.43,1,0,1,0,1,0,0,552-9.png
0.3,3.26,18.64,23.42,13.45,5.97,1,0,1,0,1,0,0,553-0.png
0.2,2.31,19.0,21.47,13.45,5.22,1,0,1,0,1,0,0,553-1.png
0.0,0.23,14.99,23.48,13.45,4.96,1,0,1,0,1,0,0,554-0.png
0.0,3.37,18.07,18.78,13.45,5.41,1,0,1,0,1,0,0,555-0.png
0.0,2.68,16.75,10.49,13.45,5.47,1,0,1,0,1,0,0,555-1.png
0.0,3.0,12.89,21.99,13.45,5.11,1,0,1,0,1,0,0,555-2.png
0.4,0.0,16.23,26.57,13.45,4.23,1,0,1,0,1,0,0,556-0.png
1.6,2.21,12.92,22.86,13.45,5.61,1,0,1,0,1,0,0,558-0.png
0.3,1.96,20.71,-7.11,13.45,4.01,1,0,1,0,1,0,0,559-0.png
0.1,1.38,20.71,-9.81,13.45,3.55,1,0,1,0,1,0,0,559-1.png
0.0,9.35,20.5,-11.41,13.45,4.0,1,0,1,0,1,0,0,560-0.png
0.2,5.19,17.34,-16.05,13.45,3.99,1,0,1,0,1,0,0,560-1.png
0.0,5.44,12.74,-12.19,13.45,6.11,1,0,1,0,1,0,0,561-0.png
0.0,1.93,13.05,-6.45,13.45,5.95,1,0,1,0,1,0,0,561-1.png
0.2,3.03,20.55,15.45,15.13,3.44,1,0,1,0,1,0,0,562-0.png
0.2,5.13,17.81,22.75,15.51,3.53,1,0,1,0,1,0,0,562-1.png
0.0,5.54,18.59,19.05,13.45,5.64,1,0,1,0,1,0,0,563-0.png
0.2,3.02,17.02,21.22,13.45,5.58,1,0,1,0,1,0,0,563-1.png
0.0,9.14,17.32,23.74,14.43,4.93,1,0,1,0,1,0,0,564-0.png
0.0,2.3,17.64,25.25,13.45,3.86,1,0,1,0,1,0,0,565-0.png
0.0,4.78,19.93,24.8,13.45,4.81,1,0,1,0,1,0,0,566-0.png
0.1,4.51,16.43,-6.69,13.45,5.17,1,0,1,0,1,0,0,567-0.png
0.1,3.72,14.42,-6.16,13.45,5.33,1,0,1,0,1,0,0,567-1.png
0.2,3.53,16.9,-9.06,13.45,5.24,1,0,1,0,1,0,0,567-2.png
0.1,2.73,18.62,-2.7,13.45,5.0,1,0,1,0,1,0,0,567-3.png
0.4,3.23,17.99,0.5,13.45,5.82,1,0,1,0,1,0,0,567-4.png
0.0,3.42,18.34,-5.53,13.45,5.44,1,0,1,0,1,0,0,567-5.png
0.3,3.66,18.27,13.39,13.45,6.04,1,0,1,0,1,0,0,568-0.png
0.0,5.89,13.76,9.52,13.45,3.56,1,0,1,0,1,0,0,569-0.png
0.3,2.33,15.52,11.88,13.45,6.79,1,0,1,0,1,0,0,570-0.png
0.4,5.47,16.3,11.93,13.45,3.7,1,0,1,0,1,0,0,571-0.png
0.1,3.96,19.68,3.09,11.98,4.83,1,0,1,0,1,0,0,572-0.png
0.0,11.19,18.69,-7.06,13.45,2.99,1,0,1,0,1,0,0,573-0.png
0.0,5.47,17.7,-7.11,12.62,3.41,1,0,1,0,1,0,0,574-0.png
0.3,1.94,16.88,-7.59,13.43,5.42,1,0,1,0,1,0,0,575-0.png
0.0,3.93,21.37,-21.19,13.45,3.01,1,0,1,0,1,0,0,576-0.png
0.0,4.96,16.84,14.7,13.45,6.56,1,0,1,0,1,0,0,577-0.png
0.0,6.17,15.99,-5.58,13.45,8.64,1,0,1,0,1,0,0,577-1.png
0.4,3.26,17.76,23.71,14.62,4.18,1,0,1,0,1,0,0,578-0.png
0.0,4.28,18.55,18.98,15.75,3.95,1,0,1,0,1,0,0,579-0.png
0.2,3.73,19.4,8.99,13.45,4.98,1,0,1,0,1,0,0,580-0.png
0.5,6.9,14.67,19.96,13.45,5.47,1,0,1,0,1,0,0,581-0.png
0.0,2.65,16.18,-7.65,13.45,5.53,1,0,1,0,1,0,0,582-0.png
0.0,1.96,16.4,-7.61,13.45,5.92,1,0,1,0,1,0,0,582-1.png
0.0,3.83,9.58,-10.04,13.45,6.35,1,0,1,0,1,0,0,582-2.png
0.0,3.51,18.2,-10.82,13.45,6.53,1,0,1,0,1,0,0,582-3.png
0.0,7.78,16.46,-10.69,13.45,6.24,1,0,1,0,1,0,0,582-4.png
0.1,0.95,15.48,13.64,13.45,6.15,1,0,1,0,1,0,0,583-0.png
0.0,3.12,15.04,16.41,13.45,6.49,1,0,1,0,1,0,0,583-1.png
0.0,3.88,16.23,17.99,13.45,6.57,1,0,1,0,1,0,0,583-2.png
0.0,2.53,11.2,22.44,13.45,6.67,1,0,1,0,1,0,0,583-3.png
0.0,2.56,14.81,18.99,13.45,6.39,1,0,1,0,1,0,0,583-4.png
0.0,1.82,18.22,5.54,13.45,4.99,1,0,1,0,1,0,0,584-0.png
0.0,8.0,16.36,3.04,13.45,5.06,1,0,1,0,1,0,0,584-1.png
0.0,1.91,16.07,5.98,13.45,5.04,1,0,1,0,1,0,0,584-2.png
0.0,1.8,18.8,2.88,13.25,4.62,1,0,1,0,1,0,0,584-3.png
0.0,6.34,16.53,6.26,13.45,4.93,1,0,1,0,1,0,0,584-4.png
0.0,5.02,13.11,-8.35,13.45,5.75,1,0,1,0,1,0,0,585-0.png
0.0,3.11,18.43,-9.79,13.45,5.79,1,0,1,0,1,0,0,585-1.png
0.0,5.35,18.9,-10.51,13.45,5.71,1,0,1,0,1,0,0,585-2.png
0.0,3.5,15.97,-12.51,13.45,5.97,1,0,1,0,1,0,0,585-3.png
0.2,4.33,13.84,-13.69,13.45,6.26,1,0,1,0,1,0,0,585-4.png
0.0,5.86,11.19,10.37,13.45,5.2,1,0,1,0,1,0,0,586-0.png
0.0,4.91,8.97,-2.5,13.45,4.94,1,0,1,0,1,0,0,586-1.png
1.4,5.93,14.32,2.41,13.45,5.33,1,0,1,0,1,0,0,586-2.png
0.0,5.02,16.37,11.17,13.45,6.43,1,0,1,0,1,0,0,586-3.png
0.0,6.05,17.72,-0.92,13.45,4.28,1,0,1,0,1,0,0,587-0.png
0.1,11.19,20.11,-0.67,13.45,4.27,1,0,1,0,1,0,0,587-1.png
0.0,10.97,16.28,3.77,13.45,4.78,1,0,1,0,1,0,0,587-2.png
0.0,6.24,19.75,-2.33,13.45,4.59,1,0,1,0,1,0,0,587-3.png
0.4,8.05,20.34,-7.45,13.45,4.0,1,0,1,0,1,0,0,588-0.png
0.0,6.78,20.22,-5.8,14.64,3.96,1,0,1,0,1,0,0,588-1.png
0.6,5.58,20.31,-7.57,14.16,3.8,1,0,1,0,1,0,0,588-2.png
0.5,5.93,19.97,-4.31,14.31,3.97,1,0,1,0,1,0,0,588-3.png
0.6,5.94,20.11,-5.73,13.43,3.48,1,0,1,0,1,0,0,588-4.png
0.0,9.85,20.53,-2.0,13.67,3.71,1,0,1,0,1,0,0,588-5.png
0.0,3.58,20.34,-6.33,13.08,3.35,1,0,1,0,1,0,0,588-6.png
0.0,5.65,20.76,-0.94,13.79,3.53,1,0,1,0,1,0,0,588-7.png
0.2,5.36,20.77,-5.39,13.45,3.7,1,0,1,0,1,0,0,588-8.png
0.5,6.04,20.41,-7.73,13.45,3.66,1,0,1,0,1,0,0,588-9.png
0.0,1.77,20.28,13.88,13.26,3.18,1,0,1,0,1,0,0,589-0.png
0.0,3.73,20.69,23.17,13.45,3.76,1,0,1,0,1,0,0,590-0.png
0.0,6.09,19.25,22.55,13.45,4.97,1,0,1,0,1,0,0,591-0.png
0.0,7.84,14.07,11.4,13.45,4.51,1,0,1,0,1,0,0,592-0.png
0.5,7.56,15.38,-14.58,13.45,5.16,1,0,1,0,1,0,0,593-0.png
0.1,3.95,18.87,18.82,13.45,4.78,1,0,1,0,1,0,0,594-0.png
0.0,6.67,19.81,14.33,13.45,4.08,1,0,1,0,1,0,0,595-0.png
0.0,4.07,15.87,-6.65,13.45,8.57,1,0,1,0,1,0,0,596-0.png
0.2,6.33,14.11,-1.44,13.45,4.87,1,0,1,0,1,0,0,597-0.png
0.8,4.88,18.62,16.9,13.45,5.29,1,0,1,0,1,0,0,598-0.png
0.0,7.06,19.71,16.56,13.45,4.64,1,0,1,0,1,0,0,598-1.png
0.2,5.52,17.46,-15.95,13.45,4.84,1,0,1,0,1,0,0,599-0.png
0.2,8.85,19.67,-10.12,13.45,4.83,1,0,1,0,1,0,0,599-1.png
0.2,7.11,17.81,16.96,12.79,3.1,1,0,1,0,1,0,0,600-0.png
0.0,3.49,19.15,20.74,13.45,5.26,1,0,1,0,1,0,0,601-0.png
2.1,1.25,16.68,3.47,13.45,5.37,1,0,1,0,1,0,0,602-0.png
0.0,5.8,18.69,20.06,12.89,5.16,1,0,1,0,1,0,0,603-0.png
0.4,0.44,18.91,-6.03,13.45,6.26,1,0,1,0,1,0,0,604-0.png
0.1,5.82,16.58,25.66,13.45,3.72,1,0,1,0,1,0,0,605-0.png
0.4,5.46,20.21,-9.83,13.45,4.14,1,0,1,0,1,0,0,606-0.png
0.5,5.47,14.85,-1.69,13.45,4.56,1,0,1,0,1,0,0,607-0.png
0.4,8.11,15.87,-9.0,13.45,5.0,1,0,1,0,1,0,0,608-0.png
0.6,0.35,12.28,13.23,13.98,6.34,1,0,1,0,1,0,0,609-0.png
0.5,4.07,14.29,1.25,13.45,4.31,1,0,1,0,1,0,0,610-0.png
0.0,1.67,0.0,-9.46,10.58,8.58,1,0,1,0,0,0,0,611-0.png
0.0,3.74,20.39,-2.92,14.52,3.01,1,0,1,0,1,0,0,612-0.png
0.0,6.28,21.11,-19.8,13.03,3.07,1,0,1,0,1,0,0,613-0.png
0.0,2.28,20.42,-23.42,13.34,4.1,1,0,1,0,1,0,0,614-0.png
0.0,3.01,20.6,-12.97,13.45,4.01,1,0,1,0,1,0,0,615-0.png
0.0,3.96,17.13,6.13,13.45,7.23,1,0,1,0,1,0,0,616-0.png
0.3,5.25,16.03,-9.73,12.12,5.7,1,0,1,0,1,0,0,617-0.png
0.2,7.8,19.4,15.81,13.45,4.8,1,0,1,0,1,0,0,618-0.png
0.0,4.06,20.26,-5.4,13.45,4.23,1,0,1,0,1,0,0,619-0.png
0.0,4.96,12.54,26.0,13.45,5.97,1,0,1,0,1,0,0,620-0.png
0.1,6.27,17.58,-10.71,13.45,3.49,1,0,1,0,1,0,0,621-0.png
0.0,5.44,17.89,-18.77,13.45,3.99,1,0,1,0,1,0,0,622-0.png
0.0,7.25,21.02,14.54,13.49,2.98,1,0,1,0,1,0,1,623-0.png
0.0,7.46,18.4,-0.95,12.42,6.06,1,0,1,0,1,0,0,624-0.png
0.0,5.25,18.84,26.41,13.45,6.06,1,0,1,0,1,0,0,625-0.png
0.0,4.3,15.7,-0.45,13.45,5.78,1,0,1,0,1,0,0,626-0.png
0.0,2.43,16.63,12.16,13.72,4.56,1,0,1,0,1,0,0,627-0.png
0.0,5.64,18.99,13.81,13.03,5.02,1,0,1,0,1,0,0,628-0.png
0.0,6.39,16.68,-23.24,13.45,4.88,1,0,1,0,1,0,0,629-0.png
0.0,2.77,18.39,-12.2,13.45,3.93,1,0,1,0,1,0,0,630-0.png
0.0,2.94,16.26,24.88,13.45,6.82,1,0,1,0,1,0,0,631-0.png
0.2,0.93,20.72,-0.99,13.45,3.58,1,0,1,0,1,0,0,632-0.png
0.0,10.14,10.76,26.57,13.45,4.37,1,0,1,0,1,0,0,633-0.png
0.3,4.67,14.46,23.78,13.45,6.53,1,0,1,0,1,0,0,634-0.png
-1.0,0.8,14.29,20.89,13.45,6.44,1,0,1,0,1,0,0,634-1.png
0.0,5.12,14.64,24.45,13.45,5.94,1,0,1,0,1,0,0,634-2.png
0.1,3.21,17.77,23.08,13.45,5.88,1,0,1,0,1,0,0,634-3.png
-1.0,1.71,10.65,23.98,13.45,6.41,1,0,1,0,1,0,0,634-4.png
0.1,2.15,14.5,23.04,13.45,6.35,1,0,1,0,1,0,0,634-5.png
0.8,2.5,13.72,21.77,13.45,6.23,1,0,1,0,1,0,0,634-6.png
0.2,2.28,13.69,19.5,13.45,5.92,1,0,1,0,1,0,0,634-7.png
0.0,4.1,13.33,18.56,13.45,6.19,1,0,1,0,1,0,0,634-8.png
0.4,4.45,20.22,-3.69,13.45,4.0,1,0,1,0,1,0,0,635-0.png
0.4,8.62,20.28,-0.09,13.45,4.09,1,0,1,0,1,0,0,635-1.png
0.1,6.42,18.77,11.87,13.45,4.27,1,0,1,0,1,0,0,635-2.png
0.1,2.44,16.83,5.38,13.45,3.92,1,0,1,0,1,0,0,635-3.png
0.1,4.65,20.26,7.38,11.77,3.66,1,0,1,0,1,0,0,635-4.png
0.6,7.25,19.84,1.04,13.45,4.15,1,0,1,0,1,0,0,635-5.png
0.3,4.68,20.75,-3.69,13.45,3.6,1,0,1,0,1,0,0,635-6.png
0.5,5.13,16.93,6.98,13.45,3.2,1,0,1,0,1,0,0,635-7.png
0.1,4.62,17.69,-3.88,13.45,3.96,1,0,1,0,1,0,0,635-8.png
0.0,8.72,17.9,4.89,12.02,4.84,1,0,1,0,1,0,0,635-9.png
0.4,2.8,18.49,15.38,13.45,6.22,1,0,1,0,1,0,0,636-0.png
0.5,4.67,16.3,8.04,13.45,3.17,1,0,1,0,1,0,0,637-0.png
0.1,8.64,20.15,23.49,14.95,4.05,1,0,1,0,1,0,0,638-0.png
0.1,0.58,17.74,7.16,13.45,4.89,1,0,1,0,1,0,0,639-0.png
0.0,2.43,14.88,21.3,13.45,6.92,1,0,1,0,1,0,0,640-0.png
0.8,5.46,19.69,-10.75,13.45,4.84,1,0,1,0,1,0,0,641-0.png
0.1,4.97,14.4,-1.2,13.45,7.91,1,0,1,0,1,0,0,642-0.png
0.0,3.71,14.93,-2.14,13.45,9.38,1,0,1,0,1,0,0,643-0.png
0.1,2.8,18.19,25.43,13.45,6.25,1,0,1,0,1,0,0,644-0.png
0.0,3.94,19.64,22.87,13.45,4.72,1,0,1,0,1,0,0,645-0.png
0.0,2.45,16.38,19.17,13.45,6.45,1,0,1,0,1,0,0,648-0.png
0.0,1.1,13.44,22.46,13.45,6.72,1,0,1,0,1,0,0,649-0.png
0.6,1.63,15.83,-5.37,13.45,4.2,1,0,1,0,1,0,0,650-0.png
0.0,4.17,13.11,-2.89,13.53,4.89,1,0,1,0,1,0,0,651-0.png
0.0,6.26,20.39,-7.16,13.45,3.91,1,0,1,0,1,0,0,652-0.png
0.0,5.41,21.23,19.58,13.45,3.35,1,0,1,0,1,0,0,653-0.png
0.6,3.53,16.05,14.44,13.45,5.01,1,0,1,0,1,0,0,654-0.png
0.1,1.5,50.65,26.25,13.45,5.73,1,0,1,0,1,0,0,655-0.png
0.0,8.22,19.32,2.66,13.45,4.59,1,0,1,0,1,0,0,658-0.png
0.2,3.97,18.95,5.46,13.45,4.82,1,0,1,0,1,0,0,658-1.png
0.0,1.09,17.67,21.75,13.45,6.88,1,0,1,0,1,0,0,659-0.png
0.3,5.33,17.17,-0.81,13.45,7.12,1,0,1,0,1,0,0,660-0.png
0.0,4.33,14.61,20.84,13.45,9.26,1,0,1,0,1,0,0,661-0.png
0.3,4.67,20.58,25.13,13.45,4.1,1,0,1,0,1,0,0,662-0.png
0.0,0.47,16.88,9.72,13.45,6.39,1,0,1,0,1,0,0,663-0.png
0.1,2.09,16.28,9.98,13.45,4.59,1,0,1,0,1,0,0,664-0.png
0.3,2.92,13.16,16.23,13.45,5.78,1,0,1,0,1,0,0,665-0.png
0.0,0.0,16.83,15.31,13.45,5.35,1,0,1,0,1,0,0,666-0.png
0.0,0.34,19.93,-6.62,13.45,4.61,1,0,1,0,1,0,0,667-0.png
0.1,1.18,20.22,12.86,13.45,4.16,1,0,1,0,1,0,0,668-0.png
0.0,9.34,18.11,-14.55,13.45,5.52,1,0,1,0,1,0,0,669-0.png
0.3,4.9,17.87,7.35,12.96,6.51,1,0,1,0,1,0,0,670-0.png
-1.0,3.65,16.43,12.73,13.45,7.13,1,0,1,0,1,0,0,670-1.png
0.1,4.62,15.84,8.49,13.45,6.57,1,0,1,0,1,0,0,670-2.png
0.0,3.61,16.26,9.62,13.45,6.47,1,0,1,0,1,0,0,670-3.png
1.4,3.65,17.83,4.75,12.89,6.64,1,0,1,0,1,0,0,670-4.png
2.0,3.75,14.95,8.34,13.46,6.23,1,0,1,0,1,0,0,670-5.png
0.0,4.11,17.79,14.94,13.2,6.3,1,0,1,0,1,0,0,670-6.png
0.1,2.27,15.56,9.34,13.88,7.03,1,0,1,0,1,0,0,670-7.png
0.1,4.09,16.58,16.13,13.57,7.17,1,0,1,0,1,0,0,670-8.png
0.2,4.53,13.44,9.36,13.01,6.9,1,0,1,0,1,0,0,670-9.png
0.0,2.66,20.74,-10.76,13.47,3.6,1,0,1,0,1,0,0,671-0.png
0.0,2.44,20.71,-4.4,12.2,3.75,1,0,1,0,1,0,0,671-1.png
0.3,5.57,21.05,-12.91,13.45,3.86,1,0,1,0,1,0,0,671-10.png
0.0,6.53,20.86,-11.88,13.45,3.36,1,0,1,0,1,0,0,671-2.png
0.3,5.14,20.9,-9.95,13.45,3.44,1,0,1,0,1,0,0,671-4.png
0.5,7.46,21.08,-7.18,13.45,3.59,1,0,1,0,1,0,0,671-5.png
0.1,2.67,20.25,-9.7,13.45,3.88,1,0,1,0,1,0,0,671-6.png
0.0,3.26,20.78,-9.7,13.45,3.86,1,0,1,0,1,0,0,671-7.png
0.2,5.35,21.01,-13.8,13.45,3.69,1,0,1,0,1,0,0,671-8.png
0.0,5.09,20.97,-11.19,13.45,3.76,1,0,1,0,1,0,0,671-9.png
0.0,0.23,15.74,3.88,12.25,6.56,1,0,1,0,1,0,0,672-0.png
